﻿gid,MGRS,presenca,coordAcc,ID,Concelho,Distrito,Freguesia
1,NG66,Provável,4820.220755,1,Melgaço,Viana do Castelo,Vila e Roussas
2,NG56,Provável,3058.829594,2,Melgaço,Viana do Castelo,Alvaredo
3,NG35,Provável,6844.984302,3,Valença,Viana do Castelo,Gondomil e Sanfins
4,NG45,Provável,7230.455778,4,Monção,Viana do Castelo,"Sago, Lordelo e Parada"
5,NG55,Confirmada,7431.158156,5,Monção,Viana do Castelo,Riba de Mouro
6,NG65,Confirmada,7434.541417,6,Melgaço,Viana do Castelo,Parada do Monte e Cubalhão
7,NG75,Confirmada,4196.507608,7,Melgaço,Viana do Castelo,Castro Laboreiro e Lamas de Mouro
8,NG25,Provável,2064.698982,8,Valença,Viana do Castelo,"Valença, Cristelo Covo e Arão"
9,PG55,Confirmada,1842.608584,9,Vinhais,Bragança,Quirás e Pinheiro Novo
10,PG85,Confirmada,2365.996733,10,Bragança,Bragança,França
11,NG24,Provável,7274.552229,11,Vila Nova de Cerveira,Viana do Castelo,Candemil e Gondar
12,NG34,Provável,7401.356754,12,Paredes de Coura,Viana do Castelo,Formariz e Ferreira
13,NG44,Confirmada,7408.500489,13,Arcos de Valdevez,Viana do Castelo,Portela e Extremo
14,NG54,Confirmada,7411.296069,14,Arcos de Valdevez,Viana do Castelo,Cabreiro
27,NG23,Confirmada,7396.100885,15,Vila Nova de Cerveira,Viana do Castelo,Covas
15,NG64,Confirmada,8102.367673,16,Arcos de Valdevez,Viana do Castelo,Gavieira
16,NG74,Confirmada,1080.723495,17,Melgaço,Viana do Castelo,Castro Laboreiro e Lamas de Mouro
17,PG54,Confirmada,7106.593632,18,Vinhais,Bragança,Quirás e Pinheiro Novo
18,PG64,Confirmada,6319.960765,19,Vinhais,Bragança,Moimenta e Montouto
19,PG74,Confirmada,6417.953603,20,Bragança,Bragança,Parâmio
28,NG33,Provável,7398.895922,21,Paredes de Coura,Viana do Castelo,Cunha
20,PG84,Confirmada,7335.251816,22,Bragança,Bragança,França
21,PG94,Confirmada,7632.854856,23,Bragança,Bragança,Aveleda e Rio de Onor
22,QG04,Confirmada,4059.059092,24,Bragança,Bragança,Aveleda e Rio de Onor
24,NG94,Confirmada,1484.389182,25,Montalegre,Vila Real,Tourém
25,PG04,Confirmada,1315.927530,26,Montalegre,Vila Real,Santo André
26,NG13,Provável,6038.644420,27,Caminha,Viana do Castelo,Venade e Azevedo
29,NG43,Provável,7401.751792,28,Arcos de Valdevez,Viana do Castelo,Rio Frio
30,NG53,Confirmada,7404.534524,29,Arcos de Valdevez,Viana do Castelo,Vale
31,NG63,Confirmada,7844.172852,30,Ponte da Barca,Viana do Castelo,Lindoso
32,NG83,Confirmada,7737.030876,31,Montalegre,Vila Real,Pitões das Junias
33,NG93,Confirmada,6919.288003,32,Montalegre,Vila Real,"Cambeses do Rio, Donões e Mourilhe"
34,PG03,Confirmada,7365.172911,33,Montalegre,Vila Real,Gralhas
48,NG32,Não detetada,7392.184088,34,Ponte de Lima,Viana do Castelo,Ribeira
35,PG13,Provável,7916.285897,35,Montalegre,Vila Real,Vilar de Perdizes e Meixide
36,PG43,Provável,7271.963396,36,Chaves,Vila Real,São Vicente
37,PG53,Confirmada,7428.084580,37,Vinhais,Bragança,Edral
38,PG63,Confirmada,7433.397014,38,Vinhais,Bragança,Vinhais
39,PG73,Confirmada,7435.825177,39,Bragança,Bragança,Castrelos e Carrazedo
40,PG83,Confirmada,7438.201948,40,Bragança,Bragança,"Sé, Santa Maria e Meixedo"
41,PG93,Confirmada,7436.227621,41,Bragança,Bragança,Babe
42,QG03,Confirmada,5397.661379,42,Bragança,Bragança,São Julião de Palácios e Deilão
43,PG23,Confirmada,6771.112281,43,Chaves,Vila Real,Vilela Seca
44,PG33,Confirmada,4848.146378,44,Chaves,Vila Real,Mairos
45,NG73,Confirmada,1395.546280,45,Montalegre,Vila Real,Cabril
46,NG12,Provável,7178.500491,46,Viana do Castelo,Viana do Castelo,Afife
47,NG22,Provável,7389.431303,47,Viana do Castelo,Viana do Castelo,Lanheses
49,NG42,Confirmada,7395.014888,48,Ponte da Barca,Viana do Castelo,Lavradas
50,NG52,Confirmada,7365.147564,49,Ponte da Barca,Viana do Castelo,Azias
51,NG62,Confirmada,7400.501754,50,Terras de Bouro,Braga,Cibões e Brufe
52,NG72,Confirmada,7459.460809,51,Terras de Bouro,Braga,Vilar da Veiga
53,NG82,Confirmada,7405.908419,52,Montalegre,Vila Real,Outeiro
54,NG92,Confirmada,7408.567878,53,Montalegre,Vila Real,Viade de Baixo e Fervidelas
55,PG02,Confirmada,7411.133829,54,Montalegre,Vila Real,Chã
56,PG12,Confirmada,7413.770091,55,Boticas,Vila Real,Ardãos e Bobadela
57,PG22,Provável,7412.111211,56,Chaves,Vila Real,Santa Cruz/Trindade e Sanjurge
58,PG32,Provável,7414.637838,57,Chaves,Vila Real,Águas Frias
59,PG42,Confirmada,7421.478445,58,Valpaços,Vila Real,"Lebução, Fiães e Nozelos"
60,PG52,Confirmada,7423.978094,59,Vinhais,Bragança,Rebordelo
61,PG62,Provável,7426.397542,60,Vinhais,Bragança,Vilar de Peregrinos
62,PG72,Confirmada,7424.543886,61,Bragança,Bragança,Zoio
63,PG82,Confirmada,7426.941593,62,Bragança,Bragança,São Pedro de Sarracenos
64,PG92,Confirmada,7429.248014,63,Bragança,Bragança,Rio Frio e Milhão
73,NG71,Confirmada,7396.455915,64,Vieira do Minho,Braga,Salamonde
65,QG02,Confirmada,5331.783116,65,Bragança,Bragança,Quintanilha
67,NG11,Não detetada,5787.088224,66,Viana do Castelo,Viana do Castelo,Darque
68,NG21,Não detetada,7382.769926,67,Viana do Castelo,Viana do Castelo,"Subportela, Deocriste e Portela Susã"
69,NG31,Não detetada,7381.425809,68,Ponte de Lima,Viana do Castelo,Cabaços e Fojo Lobal
70,NG41,Provável,7388.296191,69,Vila Verde,Braga,Dossãos
71,NG51,Confirmada,7391.066087,70,Terras de Bouro,Braga,Souto
72,NG61,Confirmada,7389.598646,71,Terras de Bouro,Braga,Rio Caldo
74,NG81,Provável,7399.116505,72,Montalegre,Vila Real,Ferral
75,NG91,Confirmada,7397.579274,73,Boticas,Vila Real,Alturas do Barroso e Cerdedo
76,PG01,Provável,7404.334004,74,Boticas,Vila Real,Vilar e Viveiro
77,PG11,Confirmada,7406.925261,75,Boticas,Vila Real,Pinho
78,PG21,Provável,7409.478620,76,Chaves,Vila Real,São Pedro de Agostém
79,PG31,Confirmada,7411.968185,77,Valpaços,Vila Real,Friões
80,PG41,Provável,7414.435298,78,Valpaços,Vila Real,Santa Valha
81,PG51,Provável,7412.719698,79,Mirandela,Bragança,Torre de Dona Chama
82,PG61,Provável,7419.405199,80,Macedo de Cavaleiros,Bragança,"Espadanedo, Edroso, Murçós e Soutelo Mourisco"
83,PG71,Confirmada,7417.567638,81,Macedo de Cavaleiros,Bragança,"Espadanedo, Edroso, Murçós e Soutelo Mourisco"
84,PG81,Confirmada,7419.922813,82,Bragança,Bragança,Pinela
85,PG91,Confirmada,7426.474971,83,Bragança,Bragança,Coelhoso
86,QG01,Confirmada,7521.707276,84,Vimioso,Bragança,Pinelo
87,QG11,Confirmada,6908.026558,85,Vimioso,Bragança,Vale de Frades e Avelanoso
88,QG21,Confirmada,7461.611729,86,Miranda do Douro,Bragança,Constantim e Cicouro
89,QG31,Confirmada,674.919748,87,Miranda do Douro,Bragança,Constantim e Cicouro
90,NG10,Não detetada,4596.904298,88,Esposende,Braga,Belinho e Mar
91,NG20,Não detetada,7352.193305,89,Barcelos,Braga,Aldreu
92,NG30,Não detetada,7374.810758,90,Barcelos,Braga,Roriz
93,NG40,Não detetada,7377.586253,91,Braga,Braga,"Merelim (São Paio), Panoias e Parada de Tibães"
94,NG50,Provável,7380.320476,92,Póvoa de Lanhoso,Braga,Covelas
95,NG60,Confirmada,7387.044147,93,Póvoa de Lanhoso,Braga,Fonte Arcada e Oliveira
96,NG70,Confirmada,7389.729154,94,Vieira do Minho,Braga,Rossas
97,NG80,Confirmada,7392.341112,95,Cabeceiras de Basto,Braga,Abadim
98,NG90,Confirmada,7394.972328,96,Cabeceiras de Basto,Braga,Gondiães e Vilar de Cunhas
99,PG00,Provável,7397.547771,97,Ribeira de Pena,Vila Real,Canedo
100,PG10,Provável,7400.093901,98,Vila Pouca de Aguiar,Vila Real,Bragado
101,PG20,Confirmada,7402.660697,99,Chaves,Vila Real,Loivos e Póvoa de Agrações
102,PG30,Provável,7405.153585,100,Valpaços,Vila Real,Algeriz
103,PG40,Provável,7403.443246,101,Valpaços,Vila Real,Valpaços e Sanfins
104,PG50,Provável,7410.021612,102,Mirandela,Bragança,Mascarenhas
105,PG60,Provável,7412.443261,103,Macedo de Cavaleiros,Bragança,Sezulfe
106,PG70,Confirmada,7414.828302,104,Macedo de Cavaleiros,Bragança,Podence e Santa Combinha
107,PG80,Confirmada,7417.197684,105,Bragança,Bragança,Macedo do Mato
108,PG90,Confirmada,7419.481037,106,Vimioso,Bragança,Santulhão
109,QG00,Confirmada,7417.567656,107,Vimioso,Bragança,Vimioso
110,QG10,Confirmada,7424.004928,108,Vimioso,Bragança,Caçarelhos e Angueira
111,QG20,Confirmada,7431.117560,109,Miranda do Douro,Bragança,Póvoa
112,QG30,Confirmada,3339.652884,110,Miranda do Douro,Bragança,Ifanes e Paradela
117,NF59,Não detetada,7377.929303,111,Guimarães,Braga,Sande São Lourenço e Balazar
118,NF69,Não detetada,7376.388708,112,Fafe,Braga,Freitas e Vila Cova
119,NF79,Provável,7383.095946,113,Fafe,Braga,Moreira do Rei e Várzea Cova
120,NF89,Provável,7385.692084,114,Cabeceiras de Basto,Braga,"Refojos de Basto, Outeiro e Painzela"
121,NF99,Provável,7384.135655,115,Ribeira de Pena,Vila Real,Salvador e Santo Aleixo de Além-Tâmega
122,PF09,Confirmada,7390.841458,116,Vila Pouca de Aguiar,Vila Real,Alvão
123,PF19,Confirmada,7393.310306,117,Vila Pouca de Aguiar,Vila Real,Vila Pouca de Aguiar
124,PF29,Confirmada,7395.843349,118,Vila Pouca de Aguiar,Vila Real,Tresminas
125,PF39,Confirmada,7394.148074,119,Valpaços,Vila Real,Canaveses
126,PF49,Confirmada,7400.821807,120,Mirandela,Bragança,Suçães
127,PF59,Provável,7403.193392,121,Mirandela,Bragança,Mirandela
128,PF69,Provável,7405.602043,122,Macedo de Cavaleiros,Bragança,Cortiços
129,PF79,Confirmada,7407.962908,123,Macedo de Cavaleiros,Bragança,Olmos
130,PF89,Confirmada,7410.308174,124,Macedo de Cavaleiros,Bragança,Morais
131,PF99,Confirmada,7412.560654,125,Macedo de Cavaleiros,Bragança,Talhas
132,QF09,Confirmada,7414.819765,126,Vimioso,Bragança,"Algoso, Campo de Víboras e Uva"
133,QF19,Confirmada,7417.028474,127,Miranda do Douro,Bragança,Silva e Águas Vivas
134,QF29,Provável,7727.777227,128,Miranda do Douro,Bragança,Duas Igrejas
141,NF78,Não detetada,7372.353568,129,Celorico de Basto,Braga,Rego
142,NF88,Provável,7379.069701,130,Celorico de Basto,Braga,"Veade, Gagos e Molares"
143,NF98,Confirmada,7381.576292,131,Mondim de Basto,Vila Real,Bilhó
144,PF08,Confirmada,7384.094838,132,Ribeira de Pena,Vila Real,Alvadia
145,PF18,Confirmada,7382.463989,133,Sabrosa,Vila Real,Torre do Pinhão
146,PF28,Confirmada,7389.068549,134,Murça,Vila Real,Fiolhoso
147,PF38,Provável,7391.519140,135,Murça,Vila Real,Noura e Palheiros
148,PF48,Confirmada,7393.969557,136,Mirandela,Bragança,Cobro
149,PF58,Provável,7396.333206,137,Mirandela,Bragança,Frechas
150,PF68,Provável,7394.509131,138,Alfândega da Fé,Bragança,Vilares de Vilariça
151,PF78,Provável,7401.027166,139,Alfândega da Fé,Bragança,"Agrobom, Saldonha e Vale Pereiro"
152,PF88,Confirmada,7403.399721,140,Mogadouro,Bragança,Remondes e Soutelo
153,PF98,Confirmada,7405.672936,141,Mogadouro,Bragança,Penas Roias
154,QF08,Confirmada,7407.920967,142,Mogadouro,Bragança,"Brunhozinho, Castanheira e Sanhoane"
155,QF18,Provável,7710.254603,143,Miranda do Douro,Bragança,Sendim e Atenor
156,QF28,Provável,2715.383630,144,Miranda do Douro,Bragança,Vila Chã de Braciosa
165,NF97,Confirmada,7374.940399,145,Vila Real,Vila Real,"Pena, Quintã e Vila Cova"
162,NF67,Não detetada,7363.186282,146,Felgueiras,Porto,Unhão e Lordelo
163,NF77,Não detetada,7365.759880,147,Amarante,Porto,Telões
164,NF87,Provável,7372.441677,148,Amarante,Porto,Olo e Canadelo
166,PF07,Confirmada,7373.368261,149,Vila Real,Vila Real,Lordelo
167,PF17,Confirmada,7379.881779,150,Vila Real,Vila Real,Mouçós e Lamares
168,PF27,Confirmada,7382.339052,151,Alijó,Vila Real,Vila Chã
169,PF37,Não detetada,7380.702201,152,Alijó,Vila Real,Carlão e Amieiro
170,PF47,Provável,7387.180296,153,Vila Flor,Bragança,Freixiel
171,PF57,Provável,7389.542310,154,Vila Flor,Bragança,Vila Flor e Nabo
172,PF67,Provável,7391.811597,155,Alfândega da Fé,Bragança,"Eucisia, Gouveia e Valverde"
173,PF77,Provável,7394.076639,156,Alfândega da Fé,Bragança,Parada e Sendim da Ribeira
174,PF87,Provável,7396.460145,157,Mogadouro,Bragança,"Mogadouro, Valverde, Vale de Porco e Vilar de Rei"
175,PF97,Confirmada,7398.780306,158,Mogadouro,Bragança,"Mogadouro, Valverde, Vale de Porco e Vilar de Rei"
176,QF07,Provável,7375.845604,159,Mogadouro,Bragança,Peredo da Bemposta
177,QF17,Provável,4380.586171,160,Mogadouro,Bragança,Bemposta
214,PF95,Não detetada,755.423656,161,Freixo de Espada À Cinta,Bragança,Lagoaça e Fornos
182,NF66,Não detetada,7356.636684,162,Penafiel,Porto,Recezinhos (São Mamede)
183,NF76,Provável,7363.254581,163,Amarante,Porto,Salvador do Monte
184,NF86,Confirmada,7365.831769,164,Amarante,Porto,"Bustelo, Carneiro e Carvalho de Rei"
185,NF96,Provável,7368.334528,165,Peso da Régua,Vila Real,Moura Morta e Vinhós
186,PF06,Provável,7370.824571,166,Vila Real,Vila Real,Nogueira e Ermida
187,PF16,Não detetada,7373.227949,167,Sabrosa,Vila Real,São Martinho de Antas e Paradela de Guiães
188,PF26,Não detetada,7375.641971,168,Alijó,Vila Real,Castedo e Cotas
189,PF36,Não detetada,7378.155359,169,Carrazeda de Ansiães,Bragança,Castanheiro do Norte e Ribalonga
190,PF46,Não detetada,7380.437432,170,Carrazeda de Ansiães,Bragança,Fonte Longa
191,PF56,Provável,7382.765873,171,Torre de Moncorvo,Bragança,Castedo
192,PF66,Provável,7385.090082,172,Torre de Moncorvo,Bragança,Adeganha e Cardanha
193,PF76,Confirmada,7383.180727,173,Torre de Moncorvo,Bragança,Felgar e Souto da Velha
194,PF86,Provável,7389.561400,174,Mogadouro,Bragança,Castelo Branco
195,PF96,Provável,9095.782205,175,Mogadouro,Bragança,Bruçó
201,NF65,Não detetada,7354.130440,176,Marco de Canaveses,Porto,Vila Boa do Bispo
202,NF75,Provável,7352.730115,177,Marco de Canaveses,Porto,Soalhães
203,NF85,Provável,7359.237222,178,Baião,Porto,Valadares
204,NF95,Provável,7357.692689,179,Resende,Viseu,Barrô
205,PF05,Não detetada,7364.194036,180,Lamego,Viseu,Parada do Bispo e Valdigem
206,PF15,Não detetada,7366.576790,181,Tabuaço,Viseu,Barcos e Santa Leocádia
207,PF25,Não detetada,7368.777709,182,São João da Pesqueira,Viseu,Castanheiro do Sul
208,PF35,Não detetada,7371.387572,183,São João da Pesqueira,Viseu,São João da Pesqueira e Várzea de Trevões
209,PF45,Não detetada,7373.705289,184,Vila Nova de Foz Côa,Guarda,Numão
210,PF55,Provável,7372.000150,185,Vila Nova de Foz Côa,Guarda,Vila Nova de Foz Côa
211,PF65,Não detetada,7378.276002,186,Torre de Moncorvo,Bragança,Açoreira
212,PF75,Não detetada,7376.387573,187,Torre de Moncorvo,Bragança,Mós
213,PF85,Não detetada,6829.690794,188,Freixo de Espada À Cinta,Bragança,Freixo de Espada à Cinta e Mazouco
218,NF54,Não detetada,7345.197510,189,Penafiel,Porto,Sebolido
219,NF64,Provável,7347.672122,190,Cinfães,Viseu,Souselo
220,NF74,Confirmada,7346.250802,191,Cinfães,Viseu,São Cristóvão de Nogueira
221,NF84,Confirmada,7352.733482,192,Resende,Viseu,Ovadas e Panchorra
222,NF94,Confirmada,7355.210929,193,Lamego,Viseu,"Bigorne, Magueija e Pretarouca"
223,PF04,Provável,7353.643232,194,Tarouca,Viseu,Tarouca e Dálvares
224,PF14,Provável,7359.984409,195,Armamar,Viseu,São Cosmado
225,PF24,Provável,7362.283726,196,Tabuaço,Viseu,Sendim
226,PF34,Confirmada,7364.736973,197,Penedono,Viseu,Póvoa de Penela
227,PF44,Provável,7362.941414,198,Vila Nova de Foz Côa,Guarda,Cedovim
228,PF54,Provável,7369.378587,199,Vila Nova de Foz Côa,Guarda,Muxagata
229,PF64,Não detetada,7371.601234,200,Vila Nova de Foz Côa,Guarda,Castelo Melhor
230,PF74,Provável,7672.088701,201,Freixo de Espada À Cinta,Bragança,Poiares
231,PF84,Não detetada,5786.197539,202,Freixo de Espada À Cinta,Bragança,Poiares
235,NF53,Não detetada,7338.714680,203,Arouca,Aveiro,Escariz
236,NF63,Provável,7337.294623,204,Arouca,Aveiro,Canelas e Espiunca
237,NF73,Confirmada,7343.744817,205,Castro Daire,Viseu,Cabril
238,NF83,Confirmada,7342.279294,206,Castro Daire,Viseu,Pinheiro
239,NF93,Confirmada,7348.683606,207,Castro Daire,Viseu,Monteiras
240,PF03,Confirmada,7347.113616,208,Tarouca,Viseu,São João de Tarouca
241,PF13,Confirmada,7353.461102,209,Moimenta da Beira,Viseu,Leomil
242,PF23,Provável,7355.785523,210,Sernancelhe,Viseu,Fonte Arcada e Escurquela
243,PF33,Confirmada,7358.112607,211,Penedono,Viseu,Antas e Ourozinho
244,PF43,Provável,7360.318840,212,Mêda,Guarda,"Mêda, Outeiro de Gatos e Fonte Longa"
245,PF53,Provável,7358.650547,213,Vila Nova de Foz Côa,Guarda,Santa Comba
246,PF63,Provável,7360.858463,214,Figueira de Castelo Rodrigo,Guarda,"Algodres, Vale de Afonsinho e Vilar de Amargo"
259,PF22,Provável,7349.223443,215,Aguiar da Beira,Guarda,Sequeiros e Gradiz
247,PF73,Provável,7391.424757,216,Figueira de Castelo Rodrigo,Guarda,Escalhão
248,PF83,Não detetada,2506.979178,217,Figueira de Castelo Rodrigo,Guarda,Mata de Lobos
252,NF52,Provável,7332.296887,218,Vale de Cambra,Aveiro,Macieira de Cambra
253,NF62,Provável,7334.797192,219,Arouca,Aveiro,Cabreiros e Albergaria da Serra
254,NF72,Confirmada,7337.271067,220,Arouca,Aveiro,Covelo de Paivó e Janarde
255,NF82,Confirmada,7339.768518,221,São Pedro do Sul,Viseu,Sul
256,NF92,Provável,7342.193447,222,Castro Daire,Viseu,Mões
257,PF02,Confirmada,7344.559178,223,Vila Nova de Paiva,Viseu,Vila Cova à Coelheira
258,PF12,Confirmada,7346.905778,224,Sátão,Viseu,Águas Boas e Forles
260,PF32,Confirmada,7351.543710,225,Trancoso,Guarda,"Torre do Terrenho, Sebadelhe da Serra e Terrenho"
261,PF42,Provável,7353.791091,226,Trancoso,Guarda,Valdujo
262,PF52,Provável,7356.050517,227,Pinhel,Guarda,Ervedosa
263,PF62,Provável,7354.271888,228,Figueira de Castelo Rodrigo,Guarda,"Freixeda do Torrão, Quintã de Pêro Martins e Penha de Águia"
264,PF72,Provável,7360.415330,229,Figueira de Castelo Rodrigo,Guarda,Castelo Rodrigo
265,PF82,Não detetada,4868.956803,230,Figueira de Castelo Rodrigo,Guarda,Almofala e Escarigo
269,NF51,Não detetada,7325.929579,231,Sever do Vouga,Aveiro,Rocas do Vouga
270,NF61,Provável,7328.448314,232,São Pedro do Sul,Viseu,Valadares
271,NF71,Confirmada,7330.866748,233,São Pedro do Sul,Viseu,Carvalhais e Candal
272,NF81,Provável,7333.348880,234,São Pedro do Sul,Viseu,Pinho
273,NF91,Não detetada,7335.765153,235,Viseu,Viseu,Calde
274,PF01,Provável,7338.087986,236,Vila Nova de Paiva,Viseu,Queiriga
275,PF11,Confirmada,7340.451442,237,Sátão,Viseu,"Romãs, Decermilo e Vila Longa"
276,PF21,Confirmada,7342.710654,238,Aguiar da Beira,Guarda,Souto de Aguiar da Beira e Valverde
277,PF31,Provável,7341.035625,239,Trancoso,Guarda,Trancoso (São Pedro e Santa Maria) e Souto Maior
278,PF41,Provável,7343.292184,240,Trancoso,Guarda,Tamanhos
279,PF51,Provável,7349.465521,241,Pinhel,Guarda,Pala
280,PF61,Não detetada,7351.657676,242,Pinhel,Guarda,Pinhel
281,PF71,Provável,7353.798658,243,Almeida,Guarda,Almeida
282,PF81,Provável,5599.510048,244,Almeida,Guarda,Malpartida e Vale de Coelha
286,NF50,Não detetada,7315.787278,245,Sever do Vouga,Aveiro,Cedrim e Paradela
287,NF60,Não detetada,7322.097913,246,Vouzela,Viseu,Campia
288,NF70,Não detetada,7324.506353,247,Vouzela,Viseu,Ventosa
289,NF80,Não detetada,7326.930888,248,Viseu,Viseu,Coutos de Viseu
290,NF90,Não detetada,7329.355439,249,Viseu,Viseu,Mundão
291,PF00,Não detetada,7327.768710,250,Sátão,Viseu,São Miguel de Vila Boa
292,PF10,Não detetada,7333.961112,251,Penalva do Castelo,Viseu,Castelo de Penalva
293,PF20,Provável,7332.346233,252,Fornos de Algodres,Guarda,Matança
294,PF30,Provável,7338.470476,253,Celorico da Beira,Guarda,Forno Telheiro
295,PF40,Provável,7340.701004,254,Celorico da Beira,Guarda,Maçal do Chão
296,PF50,Provável,7342.905405,255,Pinhel,Guarda,Freixedas
297,PF60,Provável,7345.123975,256,Pinhel,Guarda,Atalaia e Safurdão
298,PF70,Provável,7347.255648,257,Almeida,Guarda,"Leomil, Mido, Senouras e Aldeia Nova"
299,PF80,Provável,5253.833714,258,Almeida,Guarda,São Pedro de Rio Seco
308,PE09,Não detetada,7325.325135,259,Mangualde,Viseu,"Mangualde, Mesquitela e Cunha Alta"
309,PE19,Não detetada,7323.717558,260,Mangualde,Viseu,"Tavares (Chãs, Várzea e Travanca)"
310,PE29,Provável,7329.850951,261,Fornos de Algodres,Guarda,"Juncais, Vila Ruiva e Vila Soeiro do Chão"
311,PE39,Não detetada,7332.037211,262,Celorico da Beira,Guarda,"Cortiçô da Serra, Vide entre Vinhas e Salgueirais"
312,PE49,Não detetada,7334.228835,263,Guarda,Guarda,Cavadoude
313,PE59,Provável,7336.379472,264,Guarda,Guarda,Gonçalo Bocas
314,PE69,Provável,7338.587950,265,Guarda,Guarda,Castanheira
315,PE79,Provável,7336.828133,266,Almeida,Guarda,"Castelo Mendo, Ade, Monteperobolso e Mesquitela"
334,PE78,Provável,7330.246067,267,Sabugal,Guarda,"Aldeia da Ribeira, Vilar Maior e Badamalos"
316,PE89,Provável,6061.294755,268,Almeida,Guarda,Freineda
327,PE08,Não detetada,7318.910401,269,Seia,Guarda,Girabolhos
328,PE18,Não detetada,7321.170604,270,Gouveia,Guarda,Rio Torto e Lagarinhos
329,PE28,Não detetada,7319.605392,271,Gouveia,Guarda,Folgosinho
330,PE38,Não detetada,7325.625236,272,Guarda,Guarda,Videmonte
331,PE48,Não detetada,7323.944488,273,Guarda,Guarda,Vale de Estrela
332,PE58,Confirmada,7326.047885,274,Guarda,Guarda,Vila Fernando
333,PE68,Provável,7332.043352,275,Sabugal,Guarda,Cerdeira
335,PE88,Confirmada,5480.839453,276,Almeida,Guarda,Nave de Haver
346,PE17,Não detetada,7314.724858,277,Seia,Guarda,"Seia, São Romão e Lapa dos Dinheiros"
347,PE27,Não detetada,7316.981188,278,Manteigas,Guarda,Manteigas (Santa Maria)
348,PE37,Não detetada,7315.367356,279,Guarda,Guarda,Valhelhas
349,PE47,Não detetada,7321.370878,280,Belmonte,Castelo Branco,Maçainhas
350,PE57,Não detetada,7323.452398,281,Sabugal,Guarda,"Pousafoles do Bispo, Pena Lobo e Lomba"
351,PE67,Provável,7325.570843,282,Sabugal,Guarda,Baraçal
352,PE77,Provável,7327.642903,283,Sabugal,Guarda,Nave
353,PE87,Provável,6956.060244,284,Sabugal,Guarda,Aldeia da Ponte
364,PE16,Não detetada,7304.679063,285,Seia,Guarda,Loriga
365,PE26,Não detetada,7310.515541,286,Covilhã,Castelo Branco,Verdelhos
366,PE36,Não detetada,7312.749776,287,Covilhã,Castelo Branco,Orjais
367,PE46,Não detetada,7314.926766,288,Belmonte,Castelo Branco,Inguias
368,PE56,Não detetada,7313.251806,289,Sabugal,Guarda,Sortelha
369,PE66,Provável,7315.285160,290,Sabugal,Guarda,Sabugal e Aldeia de Santo António
370,PE76,Provável,7321.162054,291,Sabugal,Guarda,Vale de Espinho
371,PE86,Não detetada,5931.156273,292,Sabugal,Guarda,Aldeia do Bispo
385,PE45,Não detetada,7308.533925,293,Fundão,Castelo Branco,Três Povos
386,PE55,Não detetada,7310.672467,294,Penamacor,Castelo Branco,Meimoa
387,PE65,Provável,7498.479266,295,Penamacor,Castelo Branco,Penamacor
388,PE75,Não detetada,4961.490320,296,Penamacor,Castelo Branco,Penamacor
405,PE44,Não detetada,7298.488375,297,Fundão,Castelo Branco,Vale de Prazeres e Mata da Rainha
406,PE54,Não detetada,7304.294437,298,Penamacor,Castelo Branco,Penamacor
574,29SPD36,Não detetada,7250.926018,299,Castelo de Vide,Portalegre,Santa Maria da Devesa
407,PE64,Não detetada,7404.564091,300,Penamacor,Castelo Branco,Penamacor
424,PE63,Não detetada,7300.013952,301,Idanha-A-Nova,Castelo Branco,Monsanto e Idanha-a-Velha
425,PE73,Não detetada,7363.431327,302,Idanha-A-Nova,Castelo Branco,Penha Garcia
444,29SPE62,Não detetada,7293.788479,303,Idanha-A-Nova,Castelo Branco,Monsanto e Idanha-a-Velha
445,29SPE72,Não detetada,7367.422705,304,Idanha-A-Nova,Castelo Branco,Monfortinho e Salvaterra do Extremo
463,29SPE61,Não detetada,7287.509763,305,Idanha-A-Nova,Castelo Branco,Zebreira e Segura
575,29SPD46,Não detetada,5603.303814,306,Marvão,Portalegre,Santo António das Areias
464,29SPE71,Não detetada,6778.217950,307,Idanha-A-Nova,Castelo Branco,Monfortinho e Salvaterra do Extremo
482,29SPE60,Não detetada,7281.224923,308,Idanha-A-Nova,Castelo Branco,Rosmaninhal
483,29SPE70,Não detetada,4828.957549,309,Idanha-A-Nova,Castelo Branco,Zebreira e Segura
501,29SPD69,Não detetada,6862.379300,310,Idanha-A-Nova,Castelo Branco,Rosmaninhal
536,29SPD37,Não detetada,7533.831311,311,Castelo de Vide,Portalegre,Nossa Senhora da Graça de Póvoa e Meadas
595,29SPD35,Não detetada,7241.520121,312,Portalegre,Portalegre,Ribeira de Nisa e Carreiras
596,29SPD45,Não detetada,7896.780168,313,Portalegre,Portalegre,Reguengo e São Julião
615,29SPD44,Não detetada,7241.126123,314,Portalegre,Portalegre,Alegrete
636,29SPD53,Não detetada,7159.759136,315,Arronches,Portalegre,Esperança
