"decimalLatitude","decimalLongitude","hamlet","borough","village","city_district","town","city","county","municipality","province","state","archipelago","country","countryCode","DwC_locality","DwC_municipality","DwC_county","DwC_stateProvince","DwC_islandGroup"
"40.6900697","-8.7379471","","","São Jacinto","","","Aveiro","Aveiro","","","","","Portugal","PT","São Jacinto","Aveiro",,"Aveiro",""
"40.7501031","-8.7165096","","","","","Torreira","","Aveiro","Murtosa","","","","Portugal","PT","Torreira","Murtosa",,"Aveiro",""
"40.8634194","-8.6786512","Furadouro","","","Ovar, São João, Arada e São Vicente de Pereira Jusã","","Ovar","Aveiro","","","","","Portugal","PT","Furadouro","Ovar",,"Aveiro",""
"40.6245289","-8.7498729","","","","","Gafanha da Encarnação","Ílhavo","Aveiro","","","","","Portugal","PT","Gafanha da Encarnação","Ílhavo",,"Aveiro",""
"40.6245289","-8.7498729","","","","","Gafanha da Encarnação","Ílhavo","Aveiro","","","","","Portugal","PT","Gafanha da Encarnação","Ílhavo",,"Aveiro",""
"40.5655786","-8.5499937","","","","","Fermentelos","Águeda","Aveiro","","","","","Portugal","PT","Fermentelos","Águeda",,"Aveiro",""
"40.7238301","-8.5663529","Vale da Rama","","","","Salreu","Estarreja","Aveiro","","","","","Portugal","PT","Vale da Rama","Estarreja",,"Aveiro",""
"40.6719436","-8.1976364","","","Cambra de Baixo","","","Cambra e Carvalhal de Vermilhas","Viseu","Vouzela","","","","Portugal","PT","Cambra de Baixo","Vouzela",,"Viseu",""
"39.4699330","-8.6987744","","","Monsanto","","","","Santarém","Alcanena","","","","Portugal","PT","Monsanto","Alcanena",,"Santarém",""
"39.4701421","-8.6973237","","","Monsanto","","","","Santarém","Alcanena","","","","Portugal","PT","Monsanto","Alcanena",,"Santarém",""
"39.4702061","-8.6975104","","","Monsanto","","","","Santarém","Alcanena","","","","Portugal","PT","Monsanto","Alcanena",,"Santarém",""
"39.4698684","-8.6972097","","","Monsanto","","","","Santarém","Alcanena","","","","Portugal","PT","Monsanto","Alcanena",,"Santarém",""
"39.4697663","-8.6974324","","","Monsanto","","","","Santarém","Alcanena","","","","Portugal","PT","Monsanto","Alcanena",,"Santarém",""
"39.4699385","-8.6976479","","","Monsanto","","","","Santarém","Alcanena","","","","Portugal","PT","Monsanto","Alcanena",,"Santarém",""
"39.4696929","-8.6962121","","","Monsanto","","","","Santarém","Alcanena","","","","Portugal","PT","Monsanto","Alcanena",,"Santarém",""
"39.4726172","-8.6928466","","","Vila Moreira","","","Alcanena e Vila Moreira","Santarém","Alcanena","","","","Portugal","PT","Vila Moreira","Alcanena",,"Santarém",""
"39.5612725","-8.6010178","","","","Fátima","","Ourém","Santarém","","","","","Portugal","PT","Fátima","Ourém",,"Santarém",""
"39.5574609","-8.6027441","","","","Fátima","","Ourém","Santarém","","","","","Portugal","PT","Fátima","Ourém",,"Santarém",""
"39.5501311","-8.6080961","","","Pedrógão","","","Torres Novas","Santarém","","","","","Portugal","PT","Pedrógão","Torres Novas",,"Santarém",""
"39.5511587","-8.6055240","","","Pedrógão","","","Torres Novas","Santarém","","","","","Portugal","PT","Pedrógão","Torres Novas",,"Santarém",""
"39.5354667","-8.6374783","","","Pedrógão","","","Torres Novas","Santarém","","","","","Portugal","PT","Pedrógão","Torres Novas",,"Santarém",""
"39.5352815","-8.6367472","","","Pedrógão","","","Torres Novas","Santarém","","","","","Portugal","PT","Pedrógão","Torres Novas",,"Santarém",""
"39.5358850","-8.6277999","","","Pedrógão","","","Fátima","Santarém","","","","","Portugal","PT","Pedrógão","Fátima",,"Santarém",""
"39.5355659","-8.6406413","","","Pedrógão","","","Torres Novas","Santarém","","","","","Portugal","PT","Pedrógão","Torres Novas",,"Santarém",""
"39.5395997","-8.6312320","","","","Fátima","","Fátima","Santarém","","","","","Portugal","PT","Fátima","Fátima",,"Santarém",""
"39.5391599","-8.6283583","","","Pedrógão","","","Fátima","Santarém","","","","","Portugal","PT","Pedrógão","Fátima",,"Santarém",""
"39.5328305","-8.6394843","","","Pedrógão","","","Torres Novas","Santarém","","","","","Portugal","PT","Pedrógão","Torres Novas",,"Santarém",""
"39.5080196","-8.6938971","","","Serra de Santo António","","Minde","","Santarém","Alcanena","","","","Portugal","PT","Serra de Santo António","Alcanena",,"Santarém",""
"39.5053022","-8.6884863","","","","","Minde","","Santarém","Alcanena","","","","Portugal","PT","Minde","Alcanena",,"Santarém",""
"39.5016962","-8.6817603","","","","","Minde","","Santarém","Alcanena","","","","Portugal","PT","Minde","Alcanena",,"Santarém",""
"39.5377597","-8.7335705","","","","","Mira de Aire","","Leiria","","","","","Portugal","PT","Mira de Aire","Mira de Aire",,"Leiria",""
"39.5366918","-8.7324830","","","","","Mira de Aire","","Leiria","","","","","Portugal","PT","Mira de Aire","Mira de Aire",,"Leiria",""
"39.5377956","-8.7354737","Casas dos Riscos","","","Alvados e Alcaria","Porto de Mós","","Leiria","","","","","Portugal","PT","Casas dos Riscos","Porto de Mós",,"Leiria",""
"39.5383905","-8.7536533","Casas dos Riscos","","","Alvados e Alcaria","Porto de Mós","","Leiria","","","","","Portugal","PT","Casas dos Riscos","Porto de Mós",,"Leiria",""
"39.5372653","-8.7611169","Casas dos Riscos","","","Alvados e Alcaria","Porto de Mós","","Leiria","","","","","Portugal","PT","Casas dos Riscos","Porto de Mós",,"Leiria",""
"39.5367702","-8.7553799","Casas dos Riscos","","","Alvados e Alcaria","Porto de Mós","","Leiria","","","","","Portugal","PT","Casas dos Riscos","Porto de Mós",,"Leiria",""
"39.5385588","-8.7651201","Orçário","","","Alvados e Alcaria","Porto de Mós","","Leiria","","","","","Portugal","PT","Orçário","Porto de Mós",,"Leiria",""
"39.5398345","-8.7663207","Orçário","","","Alvados e Alcaria","Porto de Mós","","Leiria","","","","","Portugal","PT","Orçário","Porto de Mós",,"Leiria",""
"39.5390821","-8.7716219","","","","Alvados e Alcaria","Porto de Mós","","Leiria","","","","","Portugal","PT","Porto de Mós","Porto de Mós",,"Leiria",""
"39.5401265","-8.7730328","","","","Alvados e Alcaria","Porto de Mós","","Leiria","","","","","Portugal","PT","Porto de Mós","Porto de Mós",,"Leiria",""
"39.5580640","-8.8054022","Chão das Pias","","Serro Ventoso","","Porto de Mós","","Leiria","","","","","Portugal","PT","Chão das Pias","Porto de Mós",,"Leiria",""
"39.5597458","-8.8077414","Chão das Pias","","Serro Ventoso","","Porto de Mós","","Leiria","","","","","Portugal","PT","Chão das Pias","Porto de Mós",,"Leiria",""
"39.6066002","-8.7504477","Bouceiros","","Alqueidão da Serra","","Porto de Mós","","Leiria","","","","","Portugal","PT","Bouceiros","Porto de Mós",,"Leiria",""
"39.6075490","-8.7474646","Bouceiros","","Alqueidão da Serra","","Porto de Mós","","Leiria","","","","","Portugal","PT","Bouceiros","Porto de Mós",,"Leiria",""
"39.5683584","-8.8503130","Feteira","","Serro Ventoso","","Porto de Mós","","Leiria","","","","","Portugal","PT","Feteira","Porto de Mós",,"Leiria",""
"39.5699460","-8.8519514","Feteira","","Serro Ventoso","","Porto de Mós","","Leiria","","","","","Portugal","PT","Feteira","Porto de Mós",,"Leiria",""
"39.5715966","-8.8526320","Feteira","","Serro Ventoso","","Porto de Mós","","Leiria","","","","","Portugal","PT","Feteira","Porto de Mós",,"Leiria",""
"39.5721202","-8.8510153","Feteira","","Serro Ventoso","","Porto de Mós","","Leiria","","","","","Portugal","PT","Feteira","Porto de Mós",,"Leiria",""
"39.5799064","-8.8375270","","","Serro Ventoso","","Porto de Mós","","Leiria","","","","","Portugal","PT","Serro Ventoso","Porto de Mós",,"Leiria",""
"39.5543529","-8.8543706","Bezerra","","Serro Ventoso","","Porto de Mós","","Leiria","","","","","Portugal","PT","Bezerra","Porto de Mós",,"Leiria",""
"39.4190960","-8.9353021","","","","","Benedita","Alcobaça","Leiria","","","","","Portugal","PT","Benedita","Alcobaça",,"Leiria",""
"39.4245366","-8.9241072","Chãos","","","","Alcobertas","","Santarém","Rio Maior","","","","Portugal","PT","Chãos","Rio Maior",,"Santarém",""
"39.4726971","-8.6937895","","","Monsanto","","","","Santarém","Alcanena","","","","Portugal","PT","Monsanto","Alcanena",,"Santarém",""
"39.4719865","-8.6954759","","","Monsanto","","","","Santarém","Alcanena","","","","Portugal","PT","Monsanto","Alcanena",,"Santarém",""
"39.4715984","-8.6958203","","","Monsanto","","","","Santarém","Alcanena","","","","Portugal","PT","Monsanto","Alcanena",,"Santarém",""
"39.4720080","-8.6958689","","","Monsanto","","","","Santarém","Alcanena","","","","Portugal","PT","Monsanto","Alcanena",,"Santarém",""
"39.4710369","-8.7005293","","","Monsanto","","","","Santarém","Alcanena","","","","Portugal","PT","Monsanto","Alcanena",,"Santarém",""
"39.4633742","-8.7306862","","","","","","Malhou, Louriceira e Espinheiro","Santarém","Alcanena","","","","Portugal","PT","Malhou, Louriceira e Espinheiro","Alcanena",,"Santarém",""
"39.4636651","-8.7311088","","","","","","Malhou, Louriceira e Espinheiro","Santarém","Alcanena","","","","Portugal","PT","Malhou, Louriceira e Espinheiro","Alcanena",,"Santarém",""
"39.4594384","-8.7331097","","","","Alcanede","","Malhou, Louriceira e Espinheiro","Santarém","Alcanena","","","","Portugal","PT","Alcanede","Alcanena",,"Santarém",""
