"originalSientificName","scientificName","acceptedNameUsage","kingdom","phylum","class","order","family","genus","specificEpithet","infraspecificEpithet","taxonRank","scientificNameAuthorship","confidence","matchType","occurrenceID"
"Jasione lusitanica","Jasione lusitanica","Jasione montana L.","Plantae","Tracheophyta","Magnoliopsida","Asterales","Campanulaceae","Jasione","lusitanica","","SPECIES","L.","99","EXACT","0370b4c6-a7bf-4b4a-817e-18105fc2c941"
"Jasione lusitanica","Jasione lusitanica","Jasione montana L.","Plantae","Tracheophyta","Magnoliopsida","Asterales","Campanulaceae","Jasione","lusitanica","","SPECIES","L.","99","EXACT","f8092437-3e60-4c44-b14c-206e218deea5"
"Jasione lusitanica","Jasione lusitanica","Jasione montana L.","Plantae","Tracheophyta","Magnoliopsida","Asterales","Campanulaceae","Jasione","lusitanica","","SPECIES","L.","99","EXACT","3d694afd-bbd1-4434-ac59-3d50272322a4"
"Cladina ciliata","Cladina ciliata","Cladonia ciliata","Fungi","Ascomycota","Lecanoromycetes","Lecanorales","Cladoniaceae","Cladina","ciliata","","SPECIES","","96","EXACT","7743cfa3-d38c-4c43-932e-47f2b9698e9b"
"Cladina portentosa","Cladina portentosa","Cladonia portentosa (Dufour) Coem.","Fungi","Ascomycota","Lecanoromycetes","Lecanorales","Cladoniaceae","Cladina","portentosa","","SPECIES","(Dufour) Coem.","96","EXACT","99ddbbbb-85ca-4d02-a425-50b70691917c"
"Arnica montana","Arnica montana","Arnica montana L.","Plantae","Tracheophyta","Magnoliopsida","Asterales","Asteraceae","Arnica","montana","","SPECIES","L.","99","EXACT","15f23ce6-47fd-49eb-8366-9661f0482445"
"Myosotis lusitanica","Myosotis lusitanica","Myosotis laxa Lehm.","Plantae","Tracheophyta","Magnoliopsida","Boraginales","Boraginaceae","Myosotis","lusitanica","","SPECIES","Lehm.","99","EXACT","0feafe5c-45f6-45d7-81e6-a57f2c7293ff"
"Veronica micrantha","Veronica micrantha","Veronica micrantha Hoffmanns. & Link","Plantae","Tracheophyta","Magnoliopsida","Lamiales","Plantaginaceae","Veronica","micrantha","","SPECIES","Hoffmanns. & Link","99","EXACT","998d9869-79e7-4bcc-b292-e148998b1a04"
"Euphorbia transtagana","Euphorbia transtagana","Euphorbia transtagana Boiss.","Plantae","Tracheophyta","Magnoliopsida","Malpighiales","Euphorbiaceae","Euphorbia","transtagana","","SPECIES","Boiss.","100","EXACT","47fd2c71-5be2-4fbd-8ad9-c0e4383736c1"
"Euphorbia transtagana","Euphorbia transtagana","Euphorbia transtagana Boiss.","Plantae","Tracheophyta","Magnoliopsida","Malpighiales","Euphorbiaceae","Euphorbia","transtagana","","SPECIES","Boiss.","100","EXACT","28b7a120-2ce7-43cd-9f2f-21b1967b7dd2"
"Euphorbia transtagana","Euphorbia transtagana","Euphorbia transtagana Boiss.","Plantae","Tracheophyta","Magnoliopsida","Malpighiales","Euphorbiaceae","Euphorbia","transtagana","","SPECIES","Boiss.","100","EXACT","649c6e46-019a-453b-a92b-38eb9d862aa3"
"Euphorbia transtagana","Euphorbia transtagana","Euphorbia transtagana Boiss.","Plantae","Tracheophyta","Magnoliopsida","Malpighiales","Euphorbiaceae","Euphorbia","transtagana","","SPECIES","Boiss.","100","EXACT","34771675-6183-40e3-8c33-92a65280a3ce"
"Euphorbia transtagana","Euphorbia transtagana","Euphorbia transtagana Boiss.","Plantae","Tracheophyta","Magnoliopsida","Malpighiales","Euphorbiaceae","Euphorbia","transtagana","","SPECIES","Boiss.","100","EXACT","f7481dff-e579-4ecf-9f30-0c2c3fb9459a"
"Euphorbia transtagana","Euphorbia transtagana","Euphorbia transtagana Boiss.","Plantae","Tracheophyta","Magnoliopsida","Malpighiales","Euphorbiaceae","Euphorbia","transtagana","","SPECIES","Boiss.","100","EXACT","89b305d2-4763-4505-8111-7a1db4f51124"
"Euphorbia transtagana","Euphorbia transtagana","Euphorbia transtagana Boiss.","Plantae","Tracheophyta","Magnoliopsida","Malpighiales","Euphorbiaceae","Euphorbia","transtagana","","SPECIES","Boiss.","100","EXACT","3c876606-3404-4903-b7d3-f7ff0dcdd2f5"
"Euphorbia transtagana","Euphorbia transtagana","Euphorbia transtagana Boiss.","Plantae","Tracheophyta","Magnoliopsida","Malpighiales","Euphorbiaceae","Euphorbia","transtagana","","SPECIES","Boiss.","100","EXACT","51b4e844-c001-4d25-b617-db8749985a67"
"Arabis sadina","Arabis sadina","Arabis sadina (Samp.) Cout.","Plantae","Tracheophyta","Magnoliopsida","Brassicales","Brassicaceae","Arabis","sadina","","SPECIES","(Samp.) Cout.","100","EXACT","a610568e-919f-4079-8d32-604dfe74a0ec"
"Arabis sadina","Arabis sadina","Arabis sadina (Samp.) Cout.","Plantae","Tracheophyta","Magnoliopsida","Brassicales","Brassicaceae","Arabis","sadina","","SPECIES","(Samp.) Cout.","100","EXACT","ea079ee7-d1a0-4ea0-91fc-d2130b86753b"
"Arabis sadina","Arabis sadina","Arabis sadina (Samp.) Cout.","Plantae","Tracheophyta","Magnoliopsida","Brassicales","Brassicaceae","Arabis","sadina","","SPECIES","(Samp.) Cout.","100","EXACT","13027c85-19a7-4c20-8487-f6c60bd76968"
"Arabis sadina","Arabis sadina","Arabis sadina (Samp.) Cout.","Plantae","Tracheophyta","Magnoliopsida","Brassicales","Brassicaceae","Arabis","sadina","","SPECIES","(Samp.) Cout.","100","EXACT","ea3b5112-c58a-4a73-aa82-cb67da698444"
"Arabis sadina","Arabis sadina","Arabis sadina (Samp.) Cout.","Plantae","Tracheophyta","Magnoliopsida","Brassicales","Brassicaceae","Arabis","sadina","","SPECIES","(Samp.) Cout.","100","EXACT","4e20fb4c-0f5e-450a-84b7-d5c43ce94075"
"Arabis sadina","Arabis sadina","Arabis sadina (Samp.) Cout.","Plantae","Tracheophyta","Magnoliopsida","Brassicales","Brassicaceae","Arabis","sadina","","SPECIES","(Samp.) Cout.","100","EXACT","33991212-e43f-4c68-a0eb-4eba3ab3d5f4"
"Arabis sadina","Arabis sadina","Arabis sadina (Samp.) Cout.","Plantae","Tracheophyta","Magnoliopsida","Brassicales","Brassicaceae","Arabis","sadina","","SPECIES","(Samp.) Cout.","100","EXACT","3702911a-8ebe-4df8-a5fe-50091a5e3002"
"Arabis sadina","Arabis sadina","Arabis sadina (Samp.) Cout.","Plantae","Tracheophyta","Magnoliopsida","Brassicales","Brassicaceae","Arabis","sadina","","SPECIES","(Samp.) Cout.","100","EXACT","d7dbaa5c-d14a-4b19-9f04-5f89ba126b1c"
"Arabis sadina","Arabis sadina","Arabis sadina (Samp.) Cout.","Plantae","Tracheophyta","Magnoliopsida","Brassicales","Brassicaceae","Arabis","sadina","","SPECIES","(Samp.) Cout.","100","EXACT","cac91d8e-2091-46a4-88cd-e897e9bdacc9"
"Arabis sadina","Arabis sadina","Arabis sadina (Samp.) Cout.","Plantae","Tracheophyta","Magnoliopsida","Brassicales","Brassicaceae","Arabis","sadina","","SPECIES","(Samp.) Cout.","100","EXACT","7cf1dae2-a0ab-4cea-9002-f106274a003c"
"Arabis sadina","Arabis sadina","Arabis sadina (Samp.) Cout.","Plantae","Tracheophyta","Magnoliopsida","Brassicales","Brassicaceae","Arabis","sadina","","SPECIES","(Samp.) Cout.","100","EXACT","28249458-3a39-4907-8d65-59ab24239efa"
"Arabis sadina","Arabis sadina","Arabis sadina (Samp.) Cout.","Plantae","Tracheophyta","Magnoliopsida","Brassicales","Brassicaceae","Arabis","sadina","","SPECIES","(Samp.) Cout.","100","EXACT","6096a421-ebc0-459e-8451-93ee868209a7"
"Arabis sadina","Arabis sadina","Arabis sadina (Samp.) Cout.","Plantae","Tracheophyta","Magnoliopsida","Brassicales","Brassicaceae","Arabis","sadina","","SPECIES","(Samp.) Cout.","100","EXACT","77e4b7e2-11a6-4f4c-8e81-f65dbefb0a05"
"Arabis sadina","Arabis sadina","Arabis sadina (Samp.) Cout.","Plantae","Tracheophyta","Magnoliopsida","Brassicales","Brassicaceae","Arabis","sadina","","SPECIES","(Samp.) Cout.","100","EXACT","6a8de5bf-b7da-4c65-b007-40dd6acddca1"
"Arabis sadina","Arabis sadina","Arabis sadina (Samp.) Cout.","Plantae","Tracheophyta","Magnoliopsida","Brassicales","Brassicaceae","Arabis","sadina","","SPECIES","(Samp.) Cout.","100","EXACT","9395c7c2-82b8-4b80-8ada-e67efb350486"
"Arabis sadina","Arabis sadina","Arabis sadina (Samp.) Cout.","Plantae","Tracheophyta","Magnoliopsida","Brassicales","Brassicaceae","Arabis","sadina","","SPECIES","(Samp.) Cout.","100","EXACT","b0df61f2-db19-4a0f-b5b3-28a24a25cc45"
"Arabis sadina","Arabis sadina","Arabis sadina (Samp.) Cout.","Plantae","Tracheophyta","Magnoliopsida","Brassicales","Brassicaceae","Arabis","sadina","","SPECIES","(Samp.) Cout.","100","EXACT","e44db0fd-834e-43f0-8b5d-2c9d50c7da81"
"Arabis sadina","Arabis sadina","Arabis sadina (Samp.) Cout.","Plantae","Tracheophyta","Magnoliopsida","Brassicales","Brassicaceae","Arabis","sadina","","SPECIES","(Samp.) Cout.","100","EXACT","bb4a7f9d-334b-4db5-9625-de9c8d1aa6ab"
"Arabis sadina","Arabis sadina","Arabis sadina (Samp.) Cout.","Plantae","Tracheophyta","Magnoliopsida","Brassicales","Brassicaceae","Arabis","sadina","","SPECIES","(Samp.) Cout.","100","EXACT","affb5c1c-bdd8-44e7-a588-aac383207e1f"
"Arabis sadina","Arabis sadina","Arabis sadina (Samp.) Cout.","Plantae","Tracheophyta","Magnoliopsida","Brassicales","Brassicaceae","Arabis","sadina","","SPECIES","(Samp.) Cout.","100","EXACT","c75b84fc-0d6c-4832-b3ef-1517291a7b12"
"Arabis sadina","Arabis sadina","Arabis sadina (Samp.) Cout.","Plantae","Tracheophyta","Magnoliopsida","Brassicales","Brassicaceae","Arabis","sadina","","SPECIES","(Samp.) Cout.","100","EXACT","4ea02603-3f31-490a-b3eb-f558494c90b8"
"Arabis sadina","Arabis sadina","Arabis sadina (Samp.) Cout.","Plantae","Tracheophyta","Magnoliopsida","Brassicales","Brassicaceae","Arabis","sadina","","SPECIES","(Samp.) Cout.","100","EXACT","e57a553f-025b-427c-884e-66a0078a9356"
"Arabis sadina","Arabis sadina","Arabis sadina (Samp.) Cout.","Plantae","Tracheophyta","Magnoliopsida","Brassicales","Brassicaceae","Arabis","sadina","","SPECIES","(Samp.) Cout.","100","EXACT","c3ca5f40-f8b5-42bf-bd84-ea9987f64c25"
"Arabis sadina","Arabis sadina","Arabis sadina (Samp.) Cout.","Plantae","Tracheophyta","Magnoliopsida","Brassicales","Brassicaceae","Arabis","sadina","","SPECIES","(Samp.) Cout.","100","EXACT","e1665780-1ecb-44ff-ba15-97d885572ca9"
"Arabis sadina","Arabis sadina","Arabis sadina (Samp.) Cout.","Plantae","Tracheophyta","Magnoliopsida","Brassicales","Brassicaceae","Arabis","sadina","","SPECIES","(Samp.) Cout.","100","EXACT","d29defc3-145d-4109-ac3f-85af398a40df"
"Arabis sadina","Arabis sadina","Arabis sadina (Samp.) Cout.","Plantae","Tracheophyta","Magnoliopsida","Brassicales","Brassicaceae","Arabis","sadina","","SPECIES","(Samp.) Cout.","100","EXACT","ffd7b102-473a-48d6-8c57-96ed015073bb"
"Arabis sadina","Arabis sadina","Arabis sadina (Samp.) Cout.","Plantae","Tracheophyta","Magnoliopsida","Brassicales","Brassicaceae","Arabis","sadina","","SPECIES","(Samp.) Cout.","100","EXACT","4672ca59-6df7-4eaa-ad3c-0ffa680133db"
"Arabis sadina","Arabis sadina","Arabis sadina (Samp.) Cout.","Plantae","Tracheophyta","Magnoliopsida","Brassicales","Brassicaceae","Arabis","sadina","","SPECIES","(Samp.) Cout.","100","EXACT","e66b613d-9744-4ebf-8853-e01f0462947a"
"Arabis sadina","Arabis sadina","Arabis sadina (Samp.) Cout.","Plantae","Tracheophyta","Magnoliopsida","Brassicales","Brassicaceae","Arabis","sadina","","SPECIES","(Samp.) Cout.","100","EXACT","8a1e735b-45fe-47f5-93e2-443df892426c"
"Arabis sadina","Arabis sadina","Arabis sadina (Samp.) Cout.","Plantae","Tracheophyta","Magnoliopsida","Brassicales","Brassicaceae","Arabis","sadina","","SPECIES","(Samp.) Cout.","100","EXACT","707fd8f7-5a24-4313-832d-d6cb6a55fcc8"
"Arabis sadina","Arabis sadina","Arabis sadina (Samp.) Cout.","Plantae","Tracheophyta","Magnoliopsida","Brassicales","Brassicaceae","Arabis","sadina","","SPECIES","(Samp.) Cout.","100","EXACT","aa5de060-40f0-459d-ab1e-1e7815a367b4"
"Arabis sadina","Arabis sadina","Arabis sadina (Samp.) Cout.","Plantae","Tracheophyta","Magnoliopsida","Brassicales","Brassicaceae","Arabis","sadina","","SPECIES","(Samp.) Cout.","100","EXACT","fbe4f18a-0a01-4344-a25d-2407636e5110"
"Arabis sadina","Arabis sadina","Arabis sadina (Samp.) Cout.","Plantae","Tracheophyta","Magnoliopsida","Brassicales","Brassicaceae","Arabis","sadina","","SPECIES","(Samp.) Cout.","100","EXACT","b9e7a994-0379-492d-b4af-eee0b10858d6"
"Arabis sadina","Arabis sadina","Arabis sadina (Samp.) Cout.","Plantae","Tracheophyta","Magnoliopsida","Brassicales","Brassicaceae","Arabis","sadina","","SPECIES","(Samp.) Cout.","100","EXACT","d8edee98-4952-41d9-9304-0f873509ecf2"
"Arabis sadina","Arabis sadina","Arabis sadina (Samp.) Cout.","Plantae","Tracheophyta","Magnoliopsida","Brassicales","Brassicaceae","Arabis","sadina","","SPECIES","(Samp.) Cout.","100","EXACT","4a29a0b9-bea2-455b-a1c2-892d08d32c12"
"Arabis sadina","Arabis sadina","Arabis sadina (Samp.) Cout.","Plantae","Tracheophyta","Magnoliopsida","Brassicales","Brassicaceae","Arabis","sadina","","SPECIES","(Samp.) Cout.","100","EXACT","37ffffca-bf3e-4f7e-84f0-60ba13e1874b"
"Juncus valvatus","Juncus valvatus","Juncus valvatus Link","Plantae","Tracheophyta","Liliopsida","Poales","Juncaceae","Juncus","valvatus","","SPECIES","Link","100","EXACT","f1a73d03-535e-4fd6-8767-7bc04bba291e"
"Juncus valvatus","Juncus valvatus","Juncus valvatus Link","Plantae","Tracheophyta","Liliopsida","Poales","Juncaceae","Juncus","valvatus","","SPECIES","Link","100","EXACT","ceea2f1e-792a-4069-9f45-5239a596c879"
"Juncus valvatus","Juncus valvatus","Juncus valvatus Link","Plantae","Tracheophyta","Liliopsida","Poales","Juncaceae","Juncus","valvatus","","SPECIES","Link","100","EXACT","3cc7eb7d-6b4d-4775-908b-7f2113dd41ba"
"Juncus valvatus","Juncus valvatus","Juncus valvatus Link","Plantae","Tracheophyta","Liliopsida","Poales","Juncaceae","Juncus","valvatus","","SPECIES","Link","100","EXACT","bf8e8cf2-0f98-4a1c-8e9c-3cc196e89761"
"Juncus valvatus","Juncus valvatus","Juncus valvatus Link","Plantae","Tracheophyta","Liliopsida","Poales","Juncaceae","Juncus","valvatus","","SPECIES","Link","100","EXACT","45b94e31-1f1a-4a6c-a537-540f54812818"
"Juncus valvatus","Juncus valvatus","Juncus valvatus Link","Plantae","Tracheophyta","Liliopsida","Poales","Juncaceae","Juncus","valvatus","","SPECIES","Link","100","EXACT","02f3cfee-7aad-4415-90d0-e45b2221a7f1"
"Juncus valvatus","Juncus valvatus","Juncus valvatus Link","Plantae","Tracheophyta","Liliopsida","Poales","Juncaceae","Juncus","valvatus","","SPECIES","Link","100","EXACT","1a717e5a-d12e-4d03-952a-cd3f509bc484"
"Juncus valvatus","Juncus valvatus","Juncus valvatus Link","Plantae","Tracheophyta","Liliopsida","Poales","Juncaceae","Juncus","valvatus","","SPECIES","Link","100","EXACT","5b7dfbb5-b898-408c-9ea6-d4b7a824a04b"
