id,collectionCode,type,modified,license,institutionID,institutionCode,datasetName,basisOfRecord,occurrenceStatus,recordedBy,countryCode,country,stateProvince,municipality,locality,verbatimLongitude,verbatimLatitude,verbatimSRS,decimalLongitude,decimalLatitude,geodeticDatum,scientificName,acceptedNameUsage,kingdom,phylum,class,order,family,genus,specificEpithet,scientificNameAuthorship,taxonRank,occurrenceID,dynamicProperties
0dd35f5b-d584-4f97-bf1c-843914e61424,psrn2000_flora,Event,2020-10-12,https://creativecommons.org/licenses/by/4.0/legalcode,53f347a7-99ce-4528-a085-5c76eb1301a0,ICNF,Flora species from the Sectoral Plan of the Natura 2000 (Points),HumanObservation,present,NEV-ICETA,PT,Portugal,Aveiro,Aveiro,São Jacinto,-51125.9866,113635.9138,ETRS89 / Portugal TM06,-8.737947057,40.69006969,WGS84,Jasione lusitanica,Jasione montana L.,Plantae,Tracheophyta,Magnoliopsida,Asterales,Campanulaceae,Jasione,lusitanica,L.,SPECIES,0dd35f5b-d584-4f97-bf1c-843914e61424,"{""siteOfCommunityImportanceName"":""Ria Aveiro"",""siteOfCommunityImportanceCode"":""PTSIC061""}"
fbf4bcd9-dda8-4ade-8e52-8e5b363eae3a,psrn2000_flora,Event,2020-10-12,https://creativecommons.org/licenses/by/4.0/legalcode,53f347a7-99ce-4528-a085-5c76eb1301a0,ICNF,Flora species from the Sectoral Plan of the Natura 2000 (Points),HumanObservation,present,C. Neto,PT,Portugal,Aveiro,Murtosa,Torreira,-49269.6215,120290.3299,ETRS89 / Portugal TM06,-8.716509618,40.75010306,WGS84,Jasione lusitanica,Jasione montana L.,Plantae,Tracheophyta,Magnoliopsida,Asterales,Campanulaceae,Jasione,lusitanica,L.,SPECIES,fbf4bcd9-dda8-4ade-8e52-8e5b363eae3a,"{""siteOfCommunityImportanceName"":""Ria Aveiro"",""siteOfCommunityImportanceCode"":""PTSIC061""}"
9e74e671-0f9b-49c5-921c-14ea8cabd7d4,psrn2000_flora,Event,2020-10-12,https://creativecommons.org/licenses/by/4.0/legalcode,53f347a7-99ce-4528-a085-5c76eb1301a0,ICNF,Flora species from the Sectoral Plan of the Natura 2000 (Points),HumanObservation,present,A. Lomba | P. Alves | J. Honrado,PT,Portugal,Aveiro,Ovar,Furadouro,-45994.0647,132853.6467,ETRS89 / Portugal TM06,-8.67865115,40.86341935,WGS84,Jasione lusitanica,Jasione montana L.,Plantae,Tracheophyta,Magnoliopsida,Asterales,Campanulaceae,Jasione,lusitanica,L.,SPECIES,9e74e671-0f9b-49c5-921c-14ea8cabd7d4,"{""siteOfCommunityImportanceName"":""Ria Aveiro"",""siteOfCommunityImportanceCode"":""PTSIC061""}"
ec2e97b6-017c-4d34-a590-9341867a198b,psrn2000_flora,Event,2020-10-12,https://creativecommons.org/licenses/by/4.0/legalcode,53f347a7-99ce-4528-a085-5c76eb1301a0,ICNF,Flora species from the Sectoral Plan of the Natura 2000 (Points),HumanObservation,present,Ahti | Burgaz,PT,Portugal,Aveiro,Ílhavo,Gafanha da Encarnação,-52185.1117,106364.7287,ETRS89 / Portugal TM06,-8.749872908,40.6245289,WGS84,Cladina ciliata,Cladonia ciliata,Fungi,Ascomycota,Lecanoromycetes,Lecanorales,Cladoniaceae,Cladina,ciliata,,SPECIES,ec2e97b6-017c-4d34-a590-9341867a198b,"{""siteOfCommunityImportanceName"":""Ria Aveiro"",""siteOfCommunityImportanceCode"":""PTSIC061""}"
b3021f97-ce4a-4b71-bec3-c33637cdac40,psrn2000_flora,Event,2020-10-12,https://creativecommons.org/licenses/by/4.0/legalcode,53f347a7-99ce-4528-a085-5c76eb1301a0,ICNF,Flora species from the Sectoral Plan of the Natura 2000 (Points),HumanObservation,present,Ahti | Burgaz,PT,Portugal,Aveiro,Ílhavo,Gafanha da Encarnação,-52185.1117,106364.7287,ETRS89 / Portugal TM06,-8.749872908,40.6245289,WGS84,Cladina portentosa,Cladonia portentosa (Dufour) Coem.,Fungi,Ascomycota,Lecanoromycetes,Lecanorales,Cladoniaceae,Cladina,portentosa,(Dufour) Coem.,SPECIES,b3021f97-ce4a-4b71-bec3-c33637cdac40,"{""siteOfCommunityImportanceName"":""Ria Aveiro"",""siteOfCommunityImportanceCode"":""PTSIC061""}"
c3740d1d-17e3-4aab-8286-72357b6094c8,psrn2000_flora,Event,2020-10-12,https://creativecommons.org/licenses/by/4.0/legalcode,53f347a7-99ce-4528-a085-5c76eb1301a0,ICNF,Flora species from the Sectoral Plan of the Natura 2000 (Points),HumanObservation,present,F.B. Caldas | H.N. Alves,PT,Portugal,Aveiro,Águeda,Fermentelos,-35304.0578,99719.1735,ETRS89 / Portugal TM06,-8.549993737,40.56557861,WGS84,Arnica montana,Arnica montana L.,Plantae,Tracheophyta,Magnoliopsida,Asterales,Asteraceae,Arnica,montana,L.,SPECIES,c3740d1d-17e3-4aab-8286-72357b6094c8,"{""siteOfCommunityImportanceName"":""Ria Aveiro"",""siteOfCommunityImportanceCode"":""PTSIC061""}"
ad110ea5-9b88-467e-a949-ea53dbb4b2d2,psrn2000_flora,Event,2020-10-12,https://creativecommons.org/licenses/by/4.0/legalcode,53f347a7-99ce-4528-a085-5c76eb1301a0,ICNF,Flora species from the Sectoral Plan of the Natura 2000 (Points),HumanObservation,present,P. Alves,PT,Portugal,Aveiro,Estarreja,Vale da Rama,-36602.8884,117299.294,ETRS89 / Portugal TM06,-8.566352934,40.72383009,WGS84,Myosotis lusitanica,Myosotis laxa Lehm.,Plantae,Tracheophyta,Magnoliopsida,Boraginales,Boraginaceae,Myosotis,lusitanica,Lehm.,SPECIES,ad110ea5-9b88-467e-a949-ea53dbb4b2d2,"{""siteOfCommunityImportanceName"":""Ria Aveiro"",""siteOfCommunityImportanceCode"":""PTSIC061""}"
0e60bdb1-58c3-4095-9a72-a689cf5f1994,psrn2000_flora,Event,2020-10-12,https://creativecommons.org/licenses/by/4.0/legalcode,53f347a7-99ce-4528-a085-5c76eb1301a0,ICNF,Flora species from the Sectoral Plan of the Natura 2000 (Points),HumanObservation,present,,PT,Portugal,Viseu,Vouzela,Cambra e Carvalhal de Vermilhas,-5455.9063,111449.1182,ETRS89 / Portugal TM06,-8.197636357,40.67194363,WGS84,Veronica micrantha,Veronica micrantha Hoffmanns. & Link,Plantae,Tracheophyta,Magnoliopsida,Lamiales,Plantaginaceae,Veronica,micrantha,Hoffmanns. & Link,SPECIES,0e60bdb1-58c3-4095-9a72-a689cf5f1994,"{""siteOfCommunityImportanceName"":""Cambarinho"",""siteOfCommunityImportanceCode"":""PTSIC016""}"
96528bdb-ecdf-42fc-85d9-ebde4f01e427,psrn2000_flora,Event,2020-10-12,https://creativecommons.org/licenses/by/4.0/legalcode,53f347a7-99ce-4528-a085-5c76eb1301a0,ICNF,Flora species from the Sectoral Plan of the Natura 2000 (Points),HumanObservation,present,,PT,Portugal,Santarém,Alcanena,Monsanto,-48675.9816,-21866.5984,ETRS89 / Portugal TM06,-8.698774389,39.46993298,WGS84,Euphorbia transtagana,Euphorbia transtagana Boiss.,Plantae,Tracheophyta,Magnoliopsida,Malpighiales,Euphorbiaceae,Euphorbia,transtagana,Boiss.,SPECIES,96528bdb-ecdf-42fc-85d9-ebde4f01e427,"{""siteOfCommunityImportanceName"":""Aire Candeeiros"",""siteOfCommunityImportanceCode"":""PTSIC015""}"
3c0fd8ee-15bd-403b-9799-9b193f9fe569,psrn2000_flora,Event,2020-10-12,https://creativecommons.org/licenses/by/4.0/legalcode,53f347a7-99ce-4528-a085-5c76eb1301a0,ICNF,Flora species from the Sectoral Plan of the Natura 2000 (Points),HumanObservation,present,,PT,Portugal,Santarém,Alcanena,Monsanto,-48550.9999,-21844.166,ETRS89 / Portugal TM06,-8.697323668,39.47014208,WGS84,Euphorbia transtagana,Euphorbia transtagana Boiss.,Plantae,Tracheophyta,Magnoliopsida,Malpighiales,Euphorbiaceae,Euphorbia,transtagana,Boiss.,SPECIES,3c0fd8ee-15bd-403b-9799-9b193f9fe569,"{""siteOfCommunityImportanceName"":""Aire Candeeiros"",""siteOfCommunityImportanceCode"":""PTSIC015""}"
f763e93f-ec81-49d3-ac78-b700b832c60d,psrn2000_flora,Event,2020-10-12,https://creativecommons.org/licenses/by/4.0/legalcode,53f347a7-99ce-4528-a085-5c76eb1301a0,ICNF,Flora species from the Sectoral Plan of the Natura 2000 (Points),HumanObservation,present,,PT,Portugal,Santarém,Alcanena,Monsanto,-48567.0231,-21836.9554,ETRS89 / Portugal TM06,-8.697510391,39.47020612,WGS84,Euphorbia transtagana,Euphorbia transtagana Boiss.,Plantae,Tracheophyta,Magnoliopsida,Malpighiales,Euphorbiaceae,Euphorbia,transtagana,Boiss.,SPECIES,f763e93f-ec81-49d3-ac78-b700b832c60d,"{""siteOfCommunityImportanceName"":""Aire Candeeiros"",""siteOfCommunityImportanceCode"":""PTSIC015""}"
531e3c88-24d9-4c0e-afb5-db8f3f2911b8,psrn2000_flora,Event,2020-10-12,https://creativecommons.org/licenses/by/4.0/legalcode,53f347a7-99ce-4528-a085-5c76eb1301a0,ICNF,Flora species from the Sectoral Plan of the Natura 2000 (Points),HumanObservation,present,,PT,Portugal,Santarém,Alcanena,Monsanto,-48541.3863,-21874.6104,ETRS89 / Portugal TM06,-8.697209738,39.46986842,WGS84,Euphorbia transtagana,Euphorbia transtagana Boiss.,Plantae,Tracheophyta,Magnoliopsida,Malpighiales,Euphorbiaceae,Euphorbia,transtagana,Boiss.,SPECIES,531e3c88-24d9-4c0e-afb5-db8f3f2911b8,"{""siteOfCommunityImportanceName"":""Aire Candeeiros"",""siteOfCommunityImportanceCode"":""PTSIC015""}"
dd20bd2b-1f5c-475b-892d-a70e6dd7ee99,psrn2000_flora,Event,2020-10-12,https://creativecommons.org/licenses/by/4.0/legalcode,53f347a7-99ce-4528-a085-5c76eb1301a0,ICNF,Flora species from the Sectoral Plan of the Natura 2000 (Points),HumanObservation,present,,PT,Portugal,Santarém,Alcanena,Monsanto,-48560.6144,-21885.8267,ETRS89 / Portugal TM06,-8.697432363,39.46976632,WGS84,Euphorbia transtagana,Euphorbia transtagana Boiss.,Plantae,Tracheophyta,Magnoliopsida,Malpighiales,Euphorbiaceae,Euphorbia,transtagana,Boiss.,SPECIES,dd20bd2b-1f5c-475b-892d-a70e6dd7ee99,"{""siteOfCommunityImportanceName"":""Aire Candeeiros"",""siteOfCommunityImportanceCode"":""PTSIC015""}"
bf87fed3-4544-4cfb-ac6b-7259fd361d42,psrn2000_flora,Event,2020-10-12,https://creativecommons.org/licenses/by/4.0/legalcode,53f347a7-99ce-4528-a085-5c76eb1301a0,ICNF,Flora species from the Sectoral Plan of the Natura 2000 (Points),HumanObservation,present,,PT,Portugal,Santarém,Alcanena,Monsanto,-48579.0409,-21866.5986,ETRS89 / Portugal TM06,-8.697647887,39.46993846,WGS84,Euphorbia transtagana,Euphorbia transtagana Boiss.,Plantae,Tracheophyta,Magnoliopsida,Malpighiales,Euphorbiaceae,Euphorbia,transtagana,Boiss.,SPECIES,bf87fed3-4544-4cfb-ac6b-7259fd361d42,"{""siteOfCommunityImportanceName"":""Aire Candeeiros"",""siteOfCommunityImportanceCode"":""PTSIC015""}"
94136308-d811-43be-a02c-649ccf9f1fbc,psrn2000_flora,Event,2020-10-12,https://creativecommons.org/licenses/by/4.0/legalcode,53f347a7-99ce-4528-a085-5c76eb1301a0,ICNF,Flora species from the Sectoral Plan of the Natura 2000 (Points),HumanObservation,present,,PT,Portugal,Santarém,Alcanena,Monsanto,-48455.6621,-21894.6398,ETRS89 / Portugal TM06,-8.696212125,39.46969285,WGS84,Euphorbia transtagana,Euphorbia transtagana Boiss.,Plantae,Tracheophyta,Magnoliopsida,Malpighiales,Euphorbiaceae,Euphorbia,transtagana,Boiss.,SPECIES,94136308-d811-43be-a02c-649ccf9f1fbc,"{""siteOfCommunityImportanceName"":""Aire Candeeiros"",""siteOfCommunityImportanceCode"":""PTSIC015""}"
3ccf3aed-de2d-42b7-b25e-ed0d32acd9d1,psrn2000_flora,Event,2020-10-12,https://creativecommons.org/licenses/by/4.0/legalcode,53f347a7-99ce-4528-a085-5c76eb1301a0,ICNF,Flora species from the Sectoral Plan of the Natura 2000 (Points),HumanObservation,present,,PT,Portugal,Santarém,Alcanena,Alcanena e Vila Moreira,-48164.0352,-21571.7698,ETRS89 / Portugal TM06,-8.692846579,39.47261717,WGS84,Euphorbia transtagana,Euphorbia transtagana Boiss.,Plantae,Tracheophyta,Magnoliopsida,Malpighiales,Euphorbiaceae,Euphorbia,transtagana,Boiss.,SPECIES,3ccf3aed-de2d-42b7-b25e-ed0d32acd9d1,"{""siteOfCommunityImportanceName"":""Aire Candeeiros"",""siteOfCommunityImportanceCode"":""PTSIC015""}"
fd2da41f-4439-44a7-a692-d811ad100b6a,psrn2000_flora,Event,2020-10-12,https://creativecommons.org/licenses/by/4.0/legalcode,53f347a7-99ce-4528-a085-5c76eb1301a0,ICNF,Flora species from the Sectoral Plan of the Natura 2000 (Points),HumanObservation,present,,PT,Portugal,Santarém,Ourém,Fátima,-40211.2148,-11773.7618,ETRS89 / Portugal TM06,-8.601017765,39.56127253,WGS84,Arabis sadina,Arabis sadina (Samp.) Cout.,Plantae,Tracheophyta,Magnoliopsida,Brassicales,Brassicaceae,Arabis,sadina,(Samp.) Cout.,SPECIES,fd2da41f-4439-44a7-a692-d811ad100b6a,"{""siteOfCommunityImportanceName"":""Aire Candeeiros"",""siteOfCommunityImportanceCode"":""PTSIC015""}"
6c2d7da4-c395-4f28-a96c-705aefab5c3c,psrn2000_flora,Event,2020-10-12,https://creativecommons.org/licenses/by/4.0/legalcode,53f347a7-99ce-4528-a085-5c76eb1301a0,ICNF,Flora species from the Sectoral Plan of the Natura 2000 (Points),HumanObservation,present,,PT,Portugal,Santarém,Ourém,Fátima,-40361.7846,-12196.1846,ETRS89 / Portugal TM06,-8.602744124,39.55746088,WGS84,Arabis sadina,Arabis sadina (Samp.) Cout.,Plantae,Tracheophyta,Magnoliopsida,Brassicales,Brassicaceae,Arabis,sadina,(Samp.) Cout.,SPECIES,6c2d7da4-c395-4f28-a96c-705aefab5c3c,"{""siteOfCommunityImportanceName"":""Aire Candeeiros"",""siteOfCommunityImportanceCode"":""PTSIC015""}"
d3a3a660-559d-41a0-90d6-8d69b6cf36d6,psrn2000_flora,Event,2020-10-12,https://creativecommons.org/licenses/by/4.0/legalcode,53f347a7-99ce-4528-a085-5c76eb1301a0,ICNF,Flora species from the Sectoral Plan of the Natura 2000 (Points),HumanObservation,present,,PT,Portugal,Santarém,Torres Novas,Chancelaria,-40826.0426,-13007.569,ETRS89 / Portugal TM06,-8.608096057,39.55013112,WGS84,Arabis sadina,Arabis sadina (Samp.) Cout.,Plantae,Tracheophyta,Magnoliopsida,Brassicales,Brassicaceae,Arabis,sadina,(Samp.) Cout.,SPECIES,d3a3a660-559d-41a0-90d6-8d69b6cf36d6,"{""siteOfCommunityImportanceName"":""Aire Candeeiros"",""siteOfCommunityImportanceCode"":""PTSIC015""}"
7d259836-3bb7-4d1a-9e08-e2d5cfcddc11,psrn2000_flora,Event,2020-10-12,https://creativecommons.org/licenses/by/4.0/legalcode,53f347a7-99ce-4528-a085-5c76eb1301a0,ICNF,Flora species from the Sectoral Plan of the Natura 2000 (Points),HumanObservation,present,,PT,Portugal,Santarém,Torres Novas,Chancelaria,-40604.3698,-12894.6456,ETRS89 / Portugal TM06,-8.605524001,39.55115869,WGS84,Arabis sadina,Arabis sadina (Samp.) Cout.,Plantae,Tracheophyta,Magnoliopsida,Brassicales,Brassicaceae,Arabis,sadina,(Samp.) Cout.,SPECIES,7d259836-3bb7-4d1a-9e08-e2d5cfcddc11,"{""siteOfCommunityImportanceName"":""Aire Candeeiros"",""siteOfCommunityImportanceCode"":""PTSIC015""}"
075012e6-0a13-4464-9cc0-9f20b4ff7a04,psrn2000_flora,Event,2020-10-12,https://creativecommons.org/licenses/by/4.0/legalcode,53f347a7-99ce-4528-a085-5c76eb1301a0,ICNF,Flora species from the Sectoral Plan of the Natura 2000 (Points),HumanObservation,present,,PT,Portugal,Santarém,Alcanena,Minde,-43360.6388,-14621.9668,ETRS89 / Portugal TM06,-8.637478333,39.5354667,WGS84,Arabis sadina,Arabis sadina (Samp.) Cout.,Plantae,Tracheophyta,Magnoliopsida,Brassicales,Brassicaceae,Arabis,sadina,(Samp.) Cout.,SPECIES,075012e6-0a13-4464-9cc0-9f20b4ff7a04,"{""siteOfCommunityImportanceName"":""Aire Candeeiros"",""siteOfCommunityImportanceCode"":""PTSIC015""}"
734ba071-b664-42d3-8ed3-c39d599144fc,psrn2000_flora,Event,2020-10-12,https://creativecommons.org/licenses/by/4.0/legalcode,53f347a7-99ce-4528-a085-5c76eb1301a0,ICNF,Flora species from the Sectoral Plan of the Natura 2000 (Points),HumanObservation,present,,PT,Portugal,Santarém,Torres Novas,Pedrógão,-43297.9018,-14642.8789,ETRS89 / Portugal TM06,-8.636747243,39.53528152,WGS84,Arabis sadina,Arabis sadina (Samp.) Cout.,Plantae,Tracheophyta,Magnoliopsida,Brassicales,Brassicaceae,Arabis,sadina,(Samp.) Cout.,SPECIES,734ba071-b664-42d3-8ed3-c39d599144fc,"{""siteOfCommunityImportanceName"":""Aire Candeeiros"",""siteOfCommunityImportanceCode"":""PTSIC015""}"
b6b4237e-1158-4624-8d75-1ac2b6db8f3e,psrn2000_flora,Event,2020-10-12,https://creativecommons.org/licenses/by/4.0/legalcode,53f347a7-99ce-4528-a085-5c76eb1301a0,ICNF,Flora species from the Sectoral Plan of the Natura 2000 (Points),HumanObservation,present,,PT,Portugal,Santarém,Torres Novas,Pedrógão,-42528.3244,-14580.1451,ETRS89 / Portugal TM06,-8.627799886,39.53588498,WGS84,Arabis sadina,Arabis sadina (Samp.) Cout.,Plantae,Tracheophyta,Magnoliopsida,Brassicales,Brassicaceae,Arabis,sadina,(Samp.) Cout.,SPECIES,b6b4237e-1158-4624-8d75-1ac2b6db8f3e,"{""siteOfCommunityImportanceName"":""Aire Candeeiros"",""siteOfCommunityImportanceCode"":""PTSIC015""}"
8ab25c44-ac9c-4cd9-a331-617086b8814f,psrn2000_flora,Event,2020-10-12,https://creativecommons.org/licenses/by/4.0/legalcode,53f347a7-99ce-4528-a085-5c76eb1301a0,ICNF,Flora species from the Sectoral Plan of the Natura 2000 (Points),HumanObservation,present,,PT,Portugal,Santarém,Alcanena,Minde,-43632.4995,-14609.4196,ETRS89 / Portugal TM06,-8.640641318,39.53556595,WGS84,Arabis sadina,Arabis sadina (Samp.) Cout.,Plantae,Tracheophyta,Magnoliopsida,Brassicales,Brassicaceae,Arabis,sadina,(Samp.) Cout.,SPECIES,8ab25c44-ac9c-4cd9-a331-617086b8814f,"{""siteOfCommunityImportanceName"":""Aire Candeeiros"",""siteOfCommunityImportanceCode"":""PTSIC015""}"
b7ad1da1-95b4-438f-801e-0dcc5071f3ec,psrn2000_flora,Event,2020-10-12,https://creativecommons.org/licenses/by/4.0/legalcode,53f347a7-99ce-4528-a085-5c76eb1301a0,ICNF,Flora species from the Sectoral Plan of the Natura 2000 (Points),HumanObservation,present,,PT,Portugal,Santarém,Ourém,Fátima,-42821.0987,-14166.0816,ETRS89 / Portugal TM06,-8.631231986,39.53959973,WGS84,Arabis sadina,Arabis sadina (Samp.) Cout.,Plantae,Tracheophyta,Magnoliopsida,Brassicales,Brassicaceae,Arabis,sadina,(Samp.) Cout.,SPECIES,b7ad1da1-95b4-438f-801e-0dcc5071f3ec,"{""siteOfCommunityImportanceName"":""Aire Candeeiros"",""siteOfCommunityImportanceCode"":""PTSIC015""}"
92a1b243-6052-48fa-bb9e-39c7bf90d5f0,psrn2000_flora,Event,2020-10-12,https://creativecommons.org/licenses/by/4.0/legalcode,53f347a7-99ce-4528-a085-5c76eb1301a0,ICNF,Flora species from the Sectoral Plan of the Natura 2000 (Points),HumanObservation,present,,PT,Portugal,Santarém,Torres Novas,Pedrógão,-42574.3311,-14216.273,ETRS89 / Portugal TM06,-8.628358308,39.53915994,WGS84,Arabis sadina,Arabis sadina (Samp.) Cout.,Plantae,Tracheophyta,Magnoliopsida,Brassicales,Brassicaceae,Arabis,sadina,(Samp.) Cout.,SPECIES,92a1b243-6052-48fa-bb9e-39c7bf90d5f0,"{""siteOfCommunityImportanceName"":""Aire Candeeiros"",""siteOfCommunityImportanceCode"":""PTSIC015""}"
1e50af06-acf9-43da-8892-484223d520f5,psrn2000_flora,Event,2020-10-12,https://creativecommons.org/licenses/by/4.0/legalcode,53f347a7-99ce-4528-a085-5c76eb1301a0,ICNF,Flora species from the Sectoral Plan of the Natura 2000 (Points),HumanObservation,present,,PT,Portugal,Santarém,Torres Novas,Pedrógão,-43534.7349,-14913.6918,ETRS89 / Portugal TM06,-8.639484251,39.53283046,WGS84,Arabis sadina,Arabis sadina (Samp.) Cout.,Plantae,Tracheophyta,Magnoliopsida,Brassicales,Brassicaceae,Arabis,sadina,(Samp.) Cout.,SPECIES,1e50af06-acf9-43da-8892-484223d520f5,"{""siteOfCommunityImportanceName"":""Aire Candeeiros"",""siteOfCommunityImportanceCode"":""PTSIC015""}"
fd84e6de-a6f7-4b73-8c79-af0b14a5aa28,psrn2000_flora,Event,2020-10-12,https://creativecommons.org/licenses/by/4.0/legalcode,53f347a7-99ce-4528-a085-5c76eb1301a0,ICNF,Flora species from the Sectoral Plan of the Natura 2000 (Points),HumanObservation,present,,PT,Portugal,Santarém,Alcanena,Minde,-48229.9612,-17640.6223,ETRS89 / Portugal TM06,-8.693897067,39.5080196,WGS84,Arabis sadina,Arabis sadina (Samp.) Cout.,Plantae,Tracheophyta,Magnoliopsida,Brassicales,Brassicaceae,Arabis,sadina,(Samp.) Cout.,SPECIES,fd84e6de-a6f7-4b73-8c79-af0b14a5aa28,"{""siteOfCommunityImportanceName"":""Aire Candeeiros"",""siteOfCommunityImportanceCode"":""PTSIC015""}"
be9339cb-bdfe-4850-996b-36805e37be08,psrn2000_flora,Event,2020-10-12,https://creativecommons.org/licenses/by/4.0/legalcode,53f347a7-99ce-4528-a085-5c76eb1301a0,ICNF,Flora species from the Sectoral Plan of the Natura 2000 (Points),HumanObservation,present,,PT,Portugal,Santarém,Alcanena,Minde,-47766.4718,-17945.206,ETRS89 / Portugal TM06,-8.688486293,39.50530222,WGS84,Arabis sadina,Arabis sadina (Samp.) Cout.,Plantae,Tracheophyta,Magnoliopsida,Brassicales,Brassicaceae,Arabis,sadina,(Samp.) Cout.,SPECIES,be9339cb-bdfe-4850-996b-36805e37be08,"{""siteOfCommunityImportanceName"":""Aire Candeeiros"",""siteOfCommunityImportanceCode"":""PTSIC015""}"
7f3f8b00-4ccc-4c8c-b9ee-b77052cc2db0,psrn2000_flora,Event,2020-10-12,https://creativecommons.org/licenses/by/4.0/legalcode,53f347a7-99ce-4528-a085-5c76eb1301a0,ICNF,Flora species from the Sectoral Plan of the Natura 2000 (Points),HumanObservation,present,,PT,Portugal,Santarém,Alcanena,Moitas Venda,-47190.4206,-18349.1114,ETRS89 / Portugal TM06,-8.681760264,39.50169622,WGS84,Arabis sadina,Arabis sadina (Samp.) Cout.,Plantae,Tracheophyta,Magnoliopsida,Brassicales,Brassicaceae,Arabis,sadina,(Samp.) Cout.,SPECIES,7f3f8b00-4ccc-4c8c-b9ee-b77052cc2db0,"{""siteOfCommunityImportanceName"":""Aire Candeeiros"",""siteOfCommunityImportanceCode"":""PTSIC015""}"
27174cf0-53b9-44e0-9629-e54971246004,psrn2000_flora,Event,2020-10-12,https://creativecommons.org/licenses/by/4.0/legalcode,53f347a7-99ce-4528-a085-5c76eb1301a0,ICNF,Flora species from the Sectoral Plan of the Natura 2000 (Points),HumanObservation,present,,PT,Portugal,Leiria,Porto de Mós,Mira de Aire,-51620.025,-14316.6835,ETRS89 / Portugal TM06,-8.733570467,39.53775967,WGS84,Arabis sadina,Arabis sadina (Samp.) Cout.,Plantae,Tracheophyta,Magnoliopsida,Brassicales,Brassicaceae,Arabis,sadina,(Samp.) Cout.,SPECIES,27174cf0-53b9-44e0-9629-e54971246004,"{""siteOfCommunityImportanceName"":""Aire Candeeiros"",""siteOfCommunityImportanceCode"":""PTSIC015""}"
d081debc-14ae-4c35-97d7-7f3f6a17b429,psrn2000_flora,Event,2020-10-12,https://creativecommons.org/licenses/by/4.0/legalcode,53f347a7-99ce-4528-a085-5c76eb1301a0,ICNF,Flora species from the Sectoral Plan of the Natura 2000 (Points),HumanObservation,present,,PT,Portugal,Leiria,Porto de Mós,Mira de Aire,-51527.3277,-14435.8677,ETRS89 / Portugal TM06,-8.732483003,39.53669181,WGS84,Arabis sadina,Arabis sadina (Samp.) Cout.,Plantae,Tracheophyta,Magnoliopsida,Brassicales,Brassicaceae,Arabis,sadina,(Samp.) Cout.,SPECIES,d081debc-14ae-4c35-97d7-7f3f6a17b429,"{""siteOfCommunityImportanceName"":""Aire Candeeiros"",""siteOfCommunityImportanceCode"":""PTSIC015""}"
95107925-3320-463f-896d-71c44642b637,psrn2000_flora,Event,2020-10-12,https://creativecommons.org/licenses/by/4.0/legalcode,53f347a7-99ce-4528-a085-5c76eb1301a0,ICNF,Flora species from the Sectoral Plan of the Natura 2000 (Points),HumanObservation,present,,PT,Portugal,Leiria,Porto de Mós,Casas dos Riscos,-51783.6165,-14311.596,ETRS89 / Portugal TM06,-8.735473718,39.53779564,WGS84,Arabis sadina,Arabis sadina (Samp.) Cout.,Plantae,Tracheophyta,Magnoliopsida,Brassicales,Brassicaceae,Arabis,sadina,(Samp.) Cout.,SPECIES,95107925-3320-463f-896d-71c44642b637,"{""siteOfCommunityImportanceName"":""Aire Candeeiros"",""siteOfCommunityImportanceCode"":""PTSIC015""}"
34a6b825-9392-4adf-b66e-d4bb15fb0966,psrn2000_flora,Event,2020-10-12,https://creativecommons.org/licenses/by/4.0/legalcode,53f347a7-99ce-4528-a085-5c76eb1301a0,ICNF,Flora species from the Sectoral Plan of the Natura 2000 (Points),HumanObservation,present,,PT,Portugal,Leiria,Porto de Mós,Casas dos Riscos,-53346.019,-14234.9359,ETRS89 / Portugal TM06,-8.7536533,39.53839047,WGS84,Arabis sadina,Arabis sadina (Samp.) Cout.,Plantae,Tracheophyta,Magnoliopsida,Brassicales,Brassicaceae,Arabis,sadina,(Samp.) Cout.,SPECIES,34a6b825-9392-4adf-b66e-d4bb15fb0966,"{""siteOfCommunityImportanceName"":""Aire Candeeiros"",""siteOfCommunityImportanceCode"":""PTSIC015""}"
bb16996a-db81-4f3e-80a5-d38ea25e2323,psrn2000_flora,Event,2020-10-12,https://creativecommons.org/licenses/by/4.0/legalcode,53f347a7-99ce-4528-a085-5c76eb1301a0,ICNF,Flora species from the Sectoral Plan of the Natura 2000 (Points),HumanObservation,present,,PT,Portugal,Leiria,Porto de Mós,Casas dos Riscos,-53988.5112,-14355.4075,ETRS89 / Portugal TM06,-8.761116863,39.53726532,WGS84,Arabis sadina,Arabis sadina (Samp.) Cout.,Plantae,Tracheophyta,Magnoliopsida,Brassicales,Brassicaceae,Arabis,sadina,(Samp.) Cout.,SPECIES,bb16996a-db81-4f3e-80a5-d38ea25e2323,"{""siteOfCommunityImportanceName"":""Aire Candeeiros"",""siteOfCommunityImportanceCode"":""PTSIC015""}"
b492c4cd-8824-481f-89ca-2b648f4d96b4,psrn2000_flora,Event,2020-10-12,https://creativecommons.org/licenses/by/4.0/legalcode,53f347a7-99ce-4528-a085-5c76eb1301a0,ICNF,Flora species from the Sectoral Plan of the Natura 2000 (Points),HumanObservation,present,,PT,Portugal,Leiria,Porto de Mós,Casas dos Riscos,-53495.6923,-14413.8107,ETRS89 / Portugal TM06,-8.755379886,39.53677015,WGS84,Arabis sadina,Arabis sadina (Samp.) Cout.,Plantae,Tracheophyta,Magnoliopsida,Brassicales,Brassicaceae,Arabis,sadina,(Samp.) Cout.,SPECIES,b492c4cd-8824-481f-89ca-2b648f4d96b4,"{""siteOfCommunityImportanceName"":""Aire Candeeiros"",""siteOfCommunityImportanceCode"":""PTSIC015""}"
f7fac99b-8c7d-4c2e-bcd4-28f131d4ec44,psrn2000_flora,Event,2020-10-12,https://creativecommons.org/licenses/by/4.0/legalcode,53f347a7-99ce-4528-a085-5c76eb1301a0,ICNF,Flora species from the Sectoral Plan of the Natura 2000 (Points),HumanObservation,present,,PT,Portugal,Leiria,Porto de Mós,Orçário,-54331.6579,-14209.3914,ETRS89 / Portugal TM06,-8.765120135,39.53855876,WGS84,Arabis sadina,Arabis sadina (Samp.) Cout.,Plantae,Tracheophyta,Magnoliopsida,Brassicales,Brassicaceae,Arabis,sadina,(Samp.) Cout.,SPECIES,f7fac99b-8c7d-4c2e-bcd4-28f131d4ec44,"{""siteOfCommunityImportanceName"":""Aire Candeeiros"",""siteOfCommunityImportanceCode"":""PTSIC015""}"
63f23fa1-f748-4816-8d67-c94eae6a0824,psrn2000_flora,Event,2020-10-12,https://creativecommons.org/licenses/by/4.0/legalcode,53f347a7-99ce-4528-a085-5c76eb1301a0,ICNF,Flora species from the Sectoral Plan of the Natura 2000 (Points),HumanObservation,present,,PT,Portugal,Leiria,Porto de Mós,Orçário,-54433.8706,-14067.0236,ETRS89 / Portugal TM06,-8.766320705,39.53983451,WGS84,Arabis sadina,Arabis sadina (Samp.) Cout.,Plantae,Tracheophyta,Magnoliopsida,Brassicales,Brassicaceae,Arabis,sadina,(Samp.) Cout.,SPECIES,63f23fa1-f748-4816-8d67-c94eae6a0824,"{""siteOfCommunityImportanceName"":""Aire Candeeiros"",""siteOfCommunityImportanceCode"":""PTSIC015""}"
dbd3ccba-a89e-43ca-8e7e-d616ce99f910,psrn2000_flora,Event,2020-10-12,https://creativecommons.org/licenses/by/4.0/legalcode,53f347a7-99ce-4528-a085-5c76eb1301a0,ICNF,Flora species from the Sectoral Plan of the Natura 2000 (Points),HumanObservation,present,,PT,Portugal,Leiria,Porto de Mós,Alvados e Alcaria,-54890.186,-14147.3383,ETRS89 / Portugal TM06,-8.771621944,39.53908213,WGS84,Arabis sadina,Arabis sadina (Samp.) Cout.,Plantae,Tracheophyta,Magnoliopsida,Brassicales,Brassicaceae,Arabis,sadina,(Samp.) Cout.,SPECIES,dbd3ccba-a89e-43ca-8e7e-d616ce99f910,"{""siteOfCommunityImportanceName"":""Aire Candeeiros"",""siteOfCommunityImportanceCode"":""PTSIC015""}"
8d9d4453-7195-442f-ac38-84b7394f9c77,psrn2000_flora,Event,2020-10-12,https://creativecommons.org/licenses/by/4.0/legalcode,53f347a7-99ce-4528-a085-5c76eb1301a0,ICNF,Flora species from the Sectoral Plan of the Natura 2000 (Points),HumanObservation,present,,PT,Portugal,Leiria,Porto de Mós,Alvados e Alcaria,-55010.6517,-14030.5239,ETRS89 / Portugal TM06,-8.773032849,39.54012649,WGS84,Arabis sadina,Arabis sadina (Samp.) Cout.,Plantae,Tracheophyta,Magnoliopsida,Brassicales,Brassicaceae,Arabis,sadina,(Samp.) Cout.,SPECIES,8d9d4453-7195-442f-ac38-84b7394f9c77,"{""siteOfCommunityImportanceName"":""Aire Candeeiros"",""siteOfCommunityImportanceCode"":""PTSIC015""}"
ea9c6f5c-71b0-455a-8c08-21b03923fe3d,psrn2000_flora,Event,2020-10-12,https://creativecommons.org/licenses/by/4.0/legalcode,53f347a7-99ce-4528-a085-5c76eb1301a0,ICNF,Flora species from the Sectoral Plan of the Natura 2000 (Points),HumanObservation,present,,PT,Portugal,Leiria,Porto de Mós,Chão das Pias,-57778.4033,-12018.6767,ETRS89 / Portugal TM06,-8.8054022,39.55806405,WGS84,Arabis sadina,Arabis sadina (Samp.) Cout.,Plantae,Tracheophyta,Magnoliopsida,Brassicales,Brassicaceae,Arabis,sadina,(Samp.) Cout.,SPECIES,ea9c6f5c-71b0-455a-8c08-21b03923fe3d,"{""siteOfCommunityImportanceName"":""Aire Candeeiros"",""siteOfCommunityImportanceCode"":""PTSIC015""}"
7acf629f-8f20-4943-8bd0-59323c93cccf,psrn2000_flora,Event,2020-10-12,https://creativecommons.org/licenses/by/4.0/legalcode,53f347a7-99ce-4528-a085-5c76eb1301a0,ICNF,Flora species from the Sectoral Plan of the Natura 2000 (Points),HumanObservation,present,,PT,Portugal,Leiria,Porto de Mós,Chão das Pias,-57978.0383,-11830.4498,ETRS89 / Portugal TM06,-8.807741371,39.55974581,WGS84,Arabis sadina,Arabis sadina (Samp.) Cout.,Plantae,Tracheophyta,Magnoliopsida,Brassicales,Brassicaceae,Arabis,sadina,(Samp.) Cout.,SPECIES,7acf629f-8f20-4943-8bd0-59323c93cccf,"{""siteOfCommunityImportanceName"":""Aire Candeeiros"",""siteOfCommunityImportanceCode"":""PTSIC015""}"
66bcfaa6-28dd-4f9b-a772-2d94b68fc54c,psrn2000_flora,Event,2020-10-12,https://creativecommons.org/licenses/by/4.0/legalcode,53f347a7-99ce-4528-a085-5c76eb1301a0,ICNF,Flora species from the Sectoral Plan of the Natura 2000 (Points),HumanObservation,present,,PT,Portugal,Leiria,Porto de Mós,Bouceiros,-53018.4604,-6663.6652,ETRS89 / Portugal TM06,-8.750447719,39.6066002,WGS84,Arabis sadina,Arabis sadina (Samp.) Cout.,Plantae,Tracheophyta,Magnoliopsida,Brassicales,Brassicaceae,Arabis,sadina,(Samp.) Cout.,SPECIES,66bcfaa6-28dd-4f9b-a772-2d94b68fc54c,"{""siteOfCommunityImportanceName"":""Aire Candeeiros"",""siteOfCommunityImportanceCode"":""PTSIC015""}"
73798b34-0736-4a5f-8de4-013d3e3bfb4b,psrn2000_flora,Event,2020-10-12,https://creativecommons.org/licenses/by/4.0/legalcode,53f347a7-99ce-4528-a085-5c76eb1301a0,ICNF,Flora species from the Sectoral Plan of the Natura 2000 (Points),HumanObservation,present,,PT,Portugal,Leiria,Porto de Mós,Bouceiros,-52761.5422,-6560.0722,ETRS89 / Portugal TM06,-8.747464608,39.60754904,WGS84,Arabis sadina,Arabis sadina (Samp.) Cout.,Plantae,Tracheophyta,Magnoliopsida,Brassicales,Brassicaceae,Arabis,sadina,(Samp.) Cout.,SPECIES,73798b34-0736-4a5f-8de4-013d3e3bfb4b,"{""siteOfCommunityImportanceName"":""Aire Candeeiros"",""siteOfCommunityImportanceCode"":""PTSIC015""}"
3c6f6370-ce50-4339-b817-254d90445069,psrn2000_flora,Event,2020-10-12,https://creativecommons.org/licenses/by/4.0/legalcode,53f347a7-99ce-4528-a085-5c76eb1301a0,ICNF,Flora species from the Sectoral Plan of the Natura 2000 (Points),HumanObservation,present,,PT,Portugal,Leiria,Porto de Mós,Feteira,-61629.0562,-10845.904,ETRS89 / Portugal TM06,-8.850312958,39.56835844,WGS84,Arabis sadina,Arabis sadina (Samp.) Cout.,Plantae,Tracheophyta,Magnoliopsida,Brassicales,Brassicaceae,Arabis,sadina,(Samp.) Cout.,SPECIES,3c6f6370-ce50-4339-b817-254d90445069,"{""siteOfCommunityImportanceName"":""Aire Candeeiros"",""siteOfCommunityImportanceCode"":""PTSIC015""}"
87d99e0d-0537-4584-b88e-c8160a758099,psrn2000_flora,Event,2020-10-12,https://creativecommons.org/licenses/by/4.0/legalcode,53f347a7-99ce-4528-a085-5c76eb1301a0,ICNF,Flora species from the Sectoral Plan of the Natura 2000 (Points),HumanObservation,present,,PT,Portugal,Leiria,Porto de Mós,Feteira,-61768.4369,-10668.5128,ETRS89 / Portugal TM06,-8.851951372,39.56994603,WGS84,Arabis sadina,Arabis sadina (Samp.) Cout.,Plantae,Tracheophyta,Magnoliopsida,Brassicales,Brassicaceae,Arabis,sadina,(Samp.) Cout.,SPECIES,87d99e0d-0537-4584-b88e-c8160a758099,"{""siteOfCommunityImportanceName"":""Aire Candeeiros"",""siteOfCommunityImportanceCode"":""PTSIC015""}"
4a5ae456-f990-4516-ade9-5e3509354e5d,psrn2000_flora,Event,2020-10-12,https://creativecommons.org/licenses/by/4.0/legalcode,53f347a7-99ce-4528-a085-5c76eb1301a0,ICNF,Flora species from the Sectoral Plan of the Natura 2000 (Points),HumanObservation,present,,PT,Portugal,Leiria,Porto de Mós,Feteira,-61825.4549,-10484.7848,ETRS89 / Portugal TM06,-8.852631986,39.57159661,WGS84,Arabis sadina,Arabis sadina (Samp.) Cout.,Plantae,Tracheophyta,Magnoliopsida,Brassicales,Brassicaceae,Arabis,sadina,(Samp.) Cout.,SPECIES,4a5ae456-f990-4516-ade9-5e3509354e5d,"{""siteOfCommunityImportanceName"":""Aire Candeeiros"",""siteOfCommunityImportanceCode"":""PTSIC015""}"
213de267-9c2e-4334-a58d-89801e84e959,psrn2000_flora,Event,2020-10-12,https://creativecommons.org/licenses/by/4.0/legalcode,53f347a7-99ce-4528-a085-5c76eb1301a0,ICNF,Flora species from the Sectoral Plan of the Natura 2000 (Points),HumanObservation,present,,PT,Portugal,Leiria,Porto de Mós,Feteira,-61686.0715,-10427.7612,ETRS89 / Portugal TM06,-8.851015261,39.5721202,WGS84,Arabis sadina,Arabis sadina (Samp.) Cout.,Plantae,Tracheophyta,Magnoliopsida,Brassicales,Brassicaceae,Arabis,sadina,(Samp.) Cout.,SPECIES,213de267-9c2e-4334-a58d-89801e84e959,"{""siteOfCommunityImportanceName"":""Aire Candeeiros"",""siteOfCommunityImportanceCode"":""PTSIC015""}"
4bddcdee-fd08-48e7-8d8a-0d45f06bed3f,psrn2000_flora,Event,2020-10-12,https://creativecommons.org/licenses/by/4.0/legalcode,53f347a7-99ce-4528-a085-5c76eb1301a0,ICNF,Flora species from the Sectoral Plan of the Natura 2000 (Points),HumanObservation,present,,PT,Portugal,Leiria,Porto de Mós,Figueiredo,-60520.315,-9572.4352,ETRS89 / Portugal TM06,-8.837527044,39.57990644,WGS84,Arabis sadina,Arabis sadina (Samp.) Cout.,Plantae,Tracheophyta,Magnoliopsida,Brassicales,Brassicaceae,Arabis,sadina,(Samp.) Cout.,SPECIES,4bddcdee-fd08-48e7-8d8a-0d45f06bed3f,"{""siteOfCommunityImportanceName"":""Aire Candeeiros"",""siteOfCommunityImportanceCode"":""PTSIC015""}"
0c2c7c14-0b46-4bd8-bbf5-d34baae16089,psrn2000_flora,Event,2020-10-12,https://creativecommons.org/licenses/by/4.0/legalcode,53f347a7-99ce-4528-a085-5c76eb1301a0,ICNF,Flora species from the Sectoral Plan of the Natura 2000 (Points),HumanObservation,present,,PT,Portugal,Leiria,Porto de Mós,Bezerra,-61990.2029,-12398.1191,ETRS89 / Portugal TM06,-8.854370645,39.55435292,WGS84,Arabis sadina,Arabis sadina (Samp.) Cout.,Plantae,Tracheophyta,Magnoliopsida,Brassicales,Brassicaceae,Arabis,sadina,(Samp.) Cout.,SPECIES,0c2c7c14-0b46-4bd8-bbf5-d34baae16089,"{""siteOfCommunityImportanceName"":""Aire Candeeiros"",""siteOfCommunityImportanceCode"":""PTSIC015""}"
49813dee-09f5-4446-a92f-bed22c11c0b9,psrn2000_flora,Event,2020-10-12,https://creativecommons.org/licenses/by/4.0/legalcode,53f347a7-99ce-4528-a085-5c76eb1301a0,ICNF,Flora species from the Sectoral Plan of the Natura 2000 (Points),HumanObservation,present,,PT,Portugal,Leiria,Alcobaça,Benedita,-69079.7969,-27356.3786,ETRS89 / Portugal TM06,-8.935302112,39.41909602,WGS84,Arabis sadina,Arabis sadina (Samp.) Cout.,Plantae,Tracheophyta,Magnoliopsida,Brassicales,Brassicaceae,Arabis,sadina,(Samp.) Cout.,SPECIES,49813dee-09f5-4446-a92f-bed22c11c0b9,"{""siteOfCommunityImportanceName"":""Aire Candeeiros"",""siteOfCommunityImportanceCode"":""PTSIC015""}"
caf9718c-5e96-45b1-92b7-e0c15ce494b1,psrn2000_flora,Event,2020-10-12,https://creativecommons.org/licenses/by/4.0/legalcode,53f347a7-99ce-4528-a085-5c76eb1301a0,ICNF,Flora species from the Sectoral Plan of the Natura 2000 (Points),HumanObservation,present,,PT,Portugal,Santarém,Rio Maior,Chãos,-68110.4574,-26760.8493,ETRS89 / Portugal TM06,-8.924107231,39.42453658,WGS84,Arabis sadina,Arabis sadina (Samp.) Cout.,Plantae,Tracheophyta,Magnoliopsida,Brassicales,Brassicaceae,Arabis,sadina,(Samp.) Cout.,SPECIES,caf9718c-5e96-45b1-92b7-e0c15ce494b1,"{""siteOfCommunityImportanceName"":""Aire Candeeiros"",""siteOfCommunityImportanceCode"":""PTSIC015""}"
9195ea5e-ca5f-4387-b0a4-56fd46ca1b0f,psrn2000_flora,Event,2020-10-12,https://creativecommons.org/licenses/by/4.0/legalcode,53f347a7-99ce-4528-a085-5c76eb1301a0,ICNF,Flora species from the Sectoral Plan of the Natura 2000 (Points),HumanObservation,present,,PT,Portugal,Santarém,Alcanena,Monsanto,-48245.1205,-21562.3868,ETRS89 / Portugal TM06,-8.693789547,39.47269714,WGS84,Juncus valvatus,Juncus valvatus Link,Plantae,Tracheophyta,Liliopsida,Poales,Juncaceae,Juncus,valvatus,Link,SPECIES,9195ea5e-ca5f-4387-b0a4-56fd46ca1b0f,"{""siteOfCommunityImportanceName"":""Aire Candeeiros"",""siteOfCommunityImportanceCode"":""PTSIC015""}"
53b0c402-803a-4cd5-b04f-f3ac6ba060ff,psrn2000_flora,Event,2020-10-12,https://creativecommons.org/licenses/by/4.0/legalcode,53f347a7-99ce-4528-a085-5c76eb1301a0,ICNF,Flora species from the Sectoral Plan of the Natura 2000 (Points),HumanObservation,present,,PT,Portugal,Santarém,Alcanena,Monsanto,-48390.7214,-21640.387,ETRS89 / Portugal TM06,-8.695475918,39.47198645,WGS84,Juncus valvatus,Juncus valvatus Link,Plantae,Tracheophyta,Liliopsida,Poales,Juncaceae,Juncus,valvatus,Link,SPECIES,53b0c402-803a-4cd5-b04f-f3ac6ba060ff,"{""siteOfCommunityImportanceName"":""Aire Candeeiros"",""siteOfCommunityImportanceCode"":""PTSIC015""}"
d6a9b4a1-cf68-48df-919f-ee9d7ec3b5ea,psrn2000_flora,Event,2020-10-12,https://creativecommons.org/licenses/by/4.0/legalcode,53f347a7-99ce-4528-a085-5c76eb1301a0,ICNF,Flora species from the Sectoral Plan of the Natura 2000 (Points),HumanObservation,present,,PT,Portugal,Santarém,Alcanena,Monsanto,-48420.6219,-21683.2872,ETRS89 / Portugal TM06,-8.695820275,39.47159839,WGS84,Juncus valvatus,Juncus valvatus Link,Plantae,Tracheophyta,Liliopsida,Poales,Juncaceae,Juncus,valvatus,Link,SPECIES,d6a9b4a1-cf68-48df-919f-ee9d7ec3b5ea,"{""siteOfCommunityImportanceName"":""Aire Candeeiros"",""siteOfCommunityImportanceCode"":""PTSIC015""}"
c310de77-d4d3-4799-bd5d-76e919e647ae,psrn2000_flora,Event,2020-10-12,https://creativecommons.org/licenses/by/4.0/legalcode,53f347a7-99ce-4528-a085-5c76eb1301a0,ICNF,Flora species from the Sectoral Plan of the Natura 2000 (Points),HumanObservation,present,,PT,Portugal,Santarém,Alcanena,Monsanto,-48424.5213,-21637.7869,ETRS89 / Portugal TM06,-8.69586889,39.47200797,WGS84,Juncus valvatus,Juncus valvatus Link,Plantae,Tracheophyta,Liliopsida,Poales,Juncaceae,Juncus,valvatus,Link,SPECIES,c310de77-d4d3-4799-bd5d-76e919e647ae,"{""siteOfCommunityImportanceName"":""Aire Candeeiros"",""siteOfCommunityImportanceCode"":""PTSIC015""}"
db35e1f4-3ea1-4e59-9862-1cac63cb03a1,psrn2000_flora,Event,2020-10-12,https://creativecommons.org/licenses/by/4.0/legalcode,53f347a7-99ce-4528-a085-5c76eb1301a0,ICNF,Flora species from the Sectoral Plan of the Natura 2000 (Points),HumanObservation,present,,PT,Portugal,Santarém,Alcanena,Monsanto,-48826.2225,-21743.0866,ETRS89 / Portugal TM06,-8.700529302,39.4710369,WGS84,Juncus valvatus,Juncus valvatus Link,Plantae,Tracheophyta,Liliopsida,Poales,Juncaceae,Juncus,valvatus,Link,SPECIES,db35e1f4-3ea1-4e59-9862-1cac63cb03a1,"{""siteOfCommunityImportanceName"":""Aire Candeeiros"",""siteOfCommunityImportanceCode"":""PTSIC015""}"
b605db5d-4583-4058-9fe0-001ed5e813ca,psrn2000_flora,Event,2020-10-12,https://creativecommons.org/licenses/by/4.0/legalcode,53f347a7-99ce-4528-a085-5c76eb1301a0,ICNF,Flora species from the Sectoral Plan of the Natura 2000 (Points),HumanObservation,present,,PT,Portugal,Santarém,Alcanena,"Malhou, Louriceira e Espinheiro",-51426.8672,-22577.0709,ETRS89 / Portugal TM06,-8.730686249,39.4633742,WGS84,Juncus valvatus,Juncus valvatus Link,Plantae,Tracheophyta,Liliopsida,Poales,Juncaceae,Juncus,valvatus,Link,SPECIES,b605db5d-4583-4058-9fe0-001ed5e813ca,"{""siteOfCommunityImportanceName"":""Aire Candeeiros"",""siteOfCommunityImportanceCode"":""PTSIC015""}"
9f3b6e18-aed7-4a5e-ba97-998cf94e05bc,psrn2000_flora,Event,2020-10-12,https://creativecommons.org/licenses/by/4.0/legalcode,53f347a7-99ce-4528-a085-5c76eb1301a0,ICNF,Flora species from the Sectoral Plan of the Natura 2000 (Points),HumanObservation,present,,PT,Portugal,Santarém,Alcanena,"Malhou, Louriceira e Espinheiro",-51463.0146,-22544.5377,ETRS89 / Portugal TM06,-8.731108766,39.46366505,WGS84,Juncus valvatus,Juncus valvatus Link,Plantae,Tracheophyta,Liliopsida,Poales,Juncaceae,Juncus,valvatus,Link,SPECIES,9f3b6e18-aed7-4a5e-ba97-998cf94e05bc,"{""siteOfCommunityImportanceName"":""Aire Candeeiros"",""siteOfCommunityImportanceCode"":""PTSIC015""}"
5c18eb3b-8f61-4cb7-9c4f-969605b595fa,psrn2000_flora,Event,2020-10-12,https://creativecommons.org/licenses/by/4.0/legalcode,53f347a7-99ce-4528-a085-5c76eb1301a0,ICNF,Flora species from the Sectoral Plan of the Natura 2000 (Points),HumanObservation,present,,PT,Portugal,Santarém,Alcanena,"Malhou, Louriceira e Espinheiro",-51638.3375,-23012.6546,ETRS89 / Portugal TM06,-8.733109712,39.45943844,WGS84,Juncus valvatus,Juncus valvatus Link,Plantae,Tracheophyta,Liliopsida,Poales,Juncaceae,Juncus,valvatus,Link,SPECIES,5c18eb3b-8f61-4cb7-9c4f-969605b595fa,"{""siteOfCommunityImportanceName"":""Aire Candeeiros"",""siteOfCommunityImportanceCode"":""PTSIC015""}"
